parcel_id,group,variety,yield_year,yield_tn_ha,yield_lag1,alternance,CP_lag1,CH12_lag1,CU_lag1,Tmean_chill_lag1,Tmax_mean_FLOR,Tmean_mean_FLOR,Tmax_mean_CREC,Tmean_mean_CREC,ET0_sum_CREC,Tmax_mean_ENVE,Tmean_mean_ENVE,KDD35_ANN,CDD30_ANN,Tmean_mean_ANN,NDRE_repro_lag1,CIre_repro_lag1,NDVI_repro_lag1,n_repro_imgs,NDVI_CREC,NDRE_CREC,n_crec_imgs
A-1,A,Sevillana-Ascolana,2016,1.8,,OFF,0.0,63.0,-1918.5,18.19909006735981,22.23478260869565,18.705227260869563,27.50133333333333,23.3880700296,365.002599737,25.286046511627905,20.28587449511628,0.0,1.1000000000000014,19.34503504438548,,,,,,,
A-1,A,Sevillana-Ascolana,2017,7.14,1.8,ON,0.0,132.0,-1510.0,17.189485248307474,22.560869565217395,18.9762154176087,28.17432432432432,23.988619462702708,378.98877873900005,25.56521739130436,20.34323946978261,0.0,2.6999999999999997,19.08830740580822,0.219444,0.450718,0.282695,1.0,0.285266,0.220127,1.0
A-1,A,Sevillana-Ascolana,2018,8.82,7.14,ON,0.0,85.0,-1594.0,17.45878732310993,21.121739130434783,17.471536242608693,26.984745762711867,21.955425824067795,268.089548941,24.778260869565216,19.919432407608696,0.0,0.0,18.64161043304985,0.22122350000000002,0.463909,0.296098,2.0,0.28463,0.208066,1.0
A-1,A,Sevillana-Ascolana,2019,10.81,8.82,ON,0.0,100.0,-1300.5,16.77075980812661,22.74347826086956,18.86167824173913,27.5171875,22.45878673234375,281.780881435,24.51739130434782,19.79306246130435,0.0,1.3999999999999986,18.22257596856338,0.2186855,0.4663215,0.283361,2.0,0.2733251428571429,0.21659414285714287,7.0
A-1,A,Sevillana-Ascolana,2020,8.67,10.81,ON,1.0015394737663663,147.0,-1051.0,16.321239945625745,21.793478260869566,17.03088756630435,27.361333333333334,21.10504912813333,314.97395890800004,25.654347826086955,19.354393115869566,0.0,2.400000000000002,17.773841312622952,0.2109674,0.43426860000000006,0.28379719999999997,5.0,0.2763643636363637,0.21394518181818184,11.0
A-1,A,Sevillana-Ascolana,2022,12.48,,ON,3.029690606961055,417.0,-1016.5,16.55968325945904,22.09347826086957,15.95058876847826,24.77076923076923,18.65750000015385,247.575818777,23.54318181818182,17.01148042977273,0.0,0.0,16.10811342610606,0.2376075,0.516127,0.3316255,2.0,0.310107,0.2351875,8.0
A-1,A,Sevillana-Ascolana,2023,5.54,12.48,OFF,4.024588875343309,489.0,-889.5,16.029180732487994,22.08888888888889,16.198379629444446,26.014,19.8327083336,202.452458434,26.450000000000003,20.21041666636364,0.0,3.8000000000000007,18.23116372696319,0.251978375,0.569569,0.354812,8.0,0.33768509999999996,0.2507142,10.0
A-1,A,Sevillana-Ascolana,2024,0.72,5.54,OFF,0.0,30.0,-1792.0,18.45498804715187,23.805,17.91661458325,26.838709677419352,20.563474462258064,254.83836898,24.32,18.070235509000003,0.0,3.400000000000002,18.24257023328829,0.2426665,0.5368055,0.3349715,2.0,0.3174223333333333,0.24155266666666667,6.0
A-2,A,Sevillana-Ascolana,2016,1.64,,OFF,0.0,63.0,-1918.5,18.19909006735981,22.23478260869565,18.705227260869563,27.50133333333333,23.3880700296,365.002599737,25.286046511627905,20.28587449511628,0.0,1.1000000000000014,19.34503504438548,,,,,,,
A-2,A,Sevillana-Ascolana,2017,7.01,1.64,OFF,0.0,132.0,-1510.0,17.189485248307474,22.560869565217395,18.9762154176087,28.17432432432432,23.988619462702708,378.98877873900005,25.56521739130436,20.34323946978261,0.0,2.6999999999999997,19.08830740580822,0.209673,0.419175,0.272703,1.0,0.278738,0.216533,1.0
A-2,A,Sevillana-Ascolana,2018,8.48,7.01,ON,0.0,85.0,-1594.0,17.45878732310993,21.121739130434783,17.471536242608693,26.984745762711867,21.955425824067795,268.089548941,24.778260869565216,19.919432407608696,0.0,0.0,18.64161043304985,0.217505,0.4470375,0.2915365,2.0,0.29235,0.21479,1.0
A-2,A,Sevillana-Ascolana,2019,9.66,8.48,ON,0.0,100.0,-1300.5,16.77075980812661,22.74347826086956,18.86167824173913,27.5171875,22.45878673234375,281.780881435,24.51739130434782,19.79306246130435,0.0,1.3999999999999986,18.22257596856338,0.20747,0.43614949999999997,0.26872050000000003,2.0,0.2870774285714286,0.2272522857142857,7.0
A-2,A,Sevillana-Ascolana,2020,9.89,9.66,ON,1.0015394737663663,147.0,-1051.0,16.321239945625745,21.793478260869566,17.03088756630435,27.361333333333334,21.10504912813333,314.97395890800004,25.654347826086955,19.354393115869566,0.0,2.400000000000002,17.773841312622952,0.20630880000000001,0.413052,0.27722800000000003,5.0,0.2831353636363636,0.22050681818181816,11.0
A-2,A,Sevillana-Ascolana,2022,12.45,,ON,3.029690606961055,417.0,-1016.5,16.55968325945904,22.09347826086957,15.95058876847826,24.77076923076923,18.65750000015385,247.575818777,23.54318181818182,17.01148042977273,0.0,0.0,16.10811342610606,0.2421325,0.519298,0.33539399999999997,2.0,0.323907,0.24629737499999999,8.0
A-2,A,Sevillana-Ascolana,2023,5.74,12.45,OFF,4.024588875343309,489.0,-889.5,16.029180732487994,22.08888888888889,16.198379629444446,26.014,19.8327083336,202.452458434,26.450000000000003,20.21041666636364,0.0,3.8000000000000007,18.23116372696319,0.25961075,0.5863825,0.36408725,8.0,0.35401509999999997,0.2627077,10.0
A-2,A,Sevillana-Ascolana,2024,0.75,5.74,OFF,0.0,30.0,-1792.0,18.45498804715187,23.805,17.91661458325,26.838709677419352,20.563474462258064,254.83836898,24.32,18.070235509000003,0.0,3.400000000000002,18.24257023328829,0.24720799999999998,0.529721,0.3387065,2.0,0.3271056666666667,0.24781633333333333,6.0
A-3,A,Sevillana-Ascolana,2016,1.82,,OFF,0.0,63.0,-1918.5,18.19909006735981,22.23478260869565,18.705227260869563,27.50133333333333,23.3880700296,365.002599737,25.286046511627905,20.28587449511628,0.0,1.1000000000000014,19.34503504438548,,,,,,,
A-3,A,Sevillana-Ascolana,2017,6.4,1.82,OFF,0.0,132.0,-1510.0,17.189485248307474,22.560869565217395,18.9762154176087,28.17432432432432,23.988619462702708,378.98877873900005,25.56521739130436,20.34323946978261,0.0,2.6999999999999997,19.08830740580822,0.238398,0.51112,0.306022,1.0,0.306797,0.239348,1.0
A-3,A,Sevillana-Ascolana,2018,8.35,6.4,ON,0.0,85.0,-1594.0,17.45878732310993,21.121739130434783,17.471536242608693,26.984745762711867,21.955425824067795,268.089548941,24.778260869565216,19.919432407608696,0.0,0.0,18.64161043304985,0.25597400000000003,0.567963,0.338491,2.0,0.314538,0.234241,1.0
A-3,A,Sevillana-Ascolana,2019,9.64,8.35,ON,0.0,100.0,-1300.5,16.77075980812661,22.74347826086956,18.86167824173913,27.5171875,22.45878673234375,281.780881435,24.51739130434782,19.79306246130435,0.0,1.3999999999999986,18.22257596856338,0.256764,0.5627534999999999,0.3296755,2.0,0.31640414285714286,0.252565,7.0
A-3,A,Sevillana-Ascolana,2020,9.01,9.64,ON,1.0015394737663663,147.0,-1051.0,16.321239945625745,21.793478260869566,17.03088756630435,27.361333333333334,21.10504912813333,314.97395890800004,25.654347826086955,19.354393115869566,0.0,2.400000000000002,17.773841312622952,0.242118,0.5084256,0.321185,5.0,0.31247772727272727,0.24364127272727273,11.0
A-3,A,Sevillana-Ascolana,2022,12.73,,ON,3.029690606961055,417.0,-1016.5,16.55968325945904,22.09347826086957,15.95058876847826,24.77076923076923,18.65750000015385,247.575818777,23.54318181818182,17.01148042977273,0.0,0.0,16.10811342610606,0.25693449999999995,0.562147,0.34783149999999996,2.0,0.344032625,0.267608375,8.0
A-3,A,Sevillana-Ascolana,2023,5.1,12.73,OFF,4.024588875343309,489.0,-889.5,16.029180732487994,22.08888888888889,16.198379629444446,26.014,19.8327083336,202.452458434,26.450000000000003,20.21041666636364,0.0,3.8000000000000007,18.23116372696319,0.279736125,0.6421375,0.38521975,8.0,0.3689372,0.2786056,10.0
A-3,A,Sevillana-Ascolana,2024,0.74,5.1,OFF,0.0,30.0,-1792.0,18.45498804715187,23.805,17.91661458325,26.838709677419352,20.563474462258064,254.83836898,24.32,18.070235509000003,0.0,3.400000000000002,18.24257023328829,0.261487,0.581414,0.35290699999999997,2.0,0.3469816666666667,0.26956766666666665,6.0
A-4,A,Sevillana-Ascolana,2016,1.96,,OFF,0.0,63.0,-1918.5,18.19909006735981,22.23478260869565,18.705227260869563,27.50133333333333,23.3880700296,365.002599737,25.286046511627905,20.28587449511628,0.0,1.1000000000000014,19.34503504438548,,,,,,,
A-4,A,Sevillana-Ascolana,2017,6.47,1.96,OFF,0.0,132.0,-1510.0,17.189485248307474,22.560869565217395,18.9762154176087,28.17432432432432,23.988619462702708,378.98877873900005,25.56521739130436,20.34323946978261,0.0,2.6999999999999997,19.08830740580822,0.218881,0.446232,0.280727,1.0,0.283912,0.223693,1.0
A-4,A,Sevillana-Ascolana,2018,7.7,6.47,ON,0.0,85.0,-1594.0,17.45878732310993,21.121739130434783,17.471536242608693,26.984745762711867,21.955425824067795,268.089548941,24.778260869565216,19.919432407608696,0.0,0.0,18.64161043304985,0.2380745,0.5034959999999999,0.31688099999999997,2.0,0.292953,0.21748,1.0
A-4,A,Sevillana-Ascolana,2019,10.81,7.7,ON,0.0,100.0,-1300.5,16.77075980812661,22.74347826086956,18.86167824173913,27.5171875,22.45878673234375,281.780881435,24.51739130434782,19.79306246130435,0.0,1.3999999999999986,18.22257596856338,0.225959,0.49011899999999997,0.29021949999999996,2.0,0.307143,0.24545585714285714,7.0
A-4,A,Sevillana-Ascolana,2020,9.47,10.81,ON,1.0015394737663663,147.0,-1051.0,16.321239945625745,21.793478260869566,17.03088756630435,27.361333333333334,21.10504912813333,314.97395890800004,25.654347826086955,19.354393115869566,0.0,2.400000000000002,17.773841312622952,0.2371128,0.4967144,0.3188902,5.0,0.3040080909090909,0.23774163636363638,11.0
A-4,A,Sevillana-Ascolana,2022,13.44,,ON,3.029690606961055,417.0,-1016.5,16.55968325945904,22.09347826086957,15.95058876847826,24.77076923076923,18.65750000015385,247.575818777,23.54318181818182,17.01148042977273,0.0,0.0,16.10811342610606,0.246967,0.528613,0.3371335,2.0,0.331664625,0.2555495,8.0
A-4,A,Sevillana-Ascolana,2023,5.25,13.44,OFF,4.024588875343309,489.0,-889.5,16.029180732487994,22.08888888888889,16.198379629444446,26.014,19.8327083336,202.452458434,26.450000000000003,20.21041666636364,0.0,3.8000000000000007,18.23116372696319,0.26593975,0.5954005,0.367994375,8.0,0.358502,0.2700349,10.0
A-4,A,Sevillana-Ascolana,2024,0.72,5.25,OFF,0.0,30.0,-1792.0,18.45498804715187,23.805,17.91661458325,26.838709677419352,20.563474462258064,254.83836898,24.32,18.070235509000003,0.0,3.400000000000002,18.24257023328829,0.2454225,0.5268200000000001,0.3333475,2.0,0.32949033333333333,0.2540546666666667,6.0
B-5,B,Sevillana-Ascolana,2016,1.56,,OFF,0.0,63.0,-1918.5,18.19909006735981,22.23478260869565,18.705227260869563,27.50133333333333,23.3880700296,365.002599737,25.286046511627905,20.28587449511628,0.0,1.1000000000000014,19.34503504438548,,,,,,,
B-5,B,Sevillana-Ascolana,2017,5.52,1.56,OFF,0.0,132.0,-1510.0,17.189485248307474,22.560869565217395,18.9762154176087,28.17432432432432,23.988619462702708,378.98877873900005,25.56521739130436,20.34323946978261,0.0,2.6999999999999997,19.08830740580822,0.24033,0.52384,0.311082,1.0,0.311168,0.24109,1.0
B-5,B,Sevillana-Ascolana,2018,7.0,5.52,OFF,0.0,85.0,-1594.0,17.45878732310993,21.121739130434783,17.471536242608693,26.984745762711867,21.955425824067795,268.089548941,24.778260869565216,19.919432407608696,0.0,0.0,18.64161043304985,0.263903,0.593719,0.3455335,2.0,0.34632,0.263663,1.0
B-5,B,Sevillana-Ascolana,2019,8.41,7.0,ON,0.0,100.0,-1300.5,16.77075980812661,22.74347826086956,18.86167824173913,27.5171875,22.45878673234375,281.780881435,24.51739130434782,19.79306246130435,0.0,1.3999999999999986,18.22257596856338,0.2556795,0.5688139999999999,0.326053,2.0,0.31886028571428576,0.25203385714285714,7.0
B-5,B,Sevillana-Ascolana,2020,7.59,8.41,ON,1.0015394737663663,147.0,-1051.0,16.321239945625745,21.793478260869566,17.03088756630435,27.361333333333334,21.10504912813333,314.97395890800004,25.654347826086955,19.354393115869566,0.0,2.400000000000002,17.773841312622952,0.24939640000000002,0.5431938,0.329546,5.0,0.32703736363636365,0.2589138181818182,11.0
B-5,B,Sevillana-Ascolana,2022,10.98,,ON,3.029690606961055,417.0,-1016.5,16.55968325945904,22.09347826086957,15.95058876847826,24.77076923076923,18.65750000015385,247.575818777,23.54318181818182,17.01148042977273,0.0,0.0,16.10811342610606,0.2698085,0.6180805,0.3692845,2.0,0.36175725000000003,0.27943325,8.0
B-5,B,Sevillana-Ascolana,2023,4.29,10.98,OFF,4.024588875343309,489.0,-889.5,16.029180732487994,22.08888888888889,16.198379629444446,26.014,19.8327083336,202.452458434,26.450000000000003,20.21041666636364,0.0,3.8000000000000007,18.23116372696319,0.265358875,0.601119,0.366274625,8.0,0.3606564,0.26703540000000003,10.0
B-5,B,Sevillana-Ascolana,2024,0.65,4.29,OFF,0.0,30.0,-1792.0,18.45498804715187,23.805,17.91661458325,26.838709677419352,20.563474462258064,254.83836898,24.32,18.070235509000003,0.0,3.400000000000002,18.24257023328829,0.25853499999999996,0.5703265,0.35226999999999997,2.0,0.3443773333333333,0.26203316666666665,6.0
B-6,B,Sevillana-Ascolana,2016,1.55,,OFF,0.0,63.0,-1918.5,18.19909006735981,22.23478260869565,18.705227260869563,27.50133333333333,23.3880700296,365.002599737,25.286046511627905,20.28587449511628,0.0,1.1000000000000014,19.34503504438548,,,,,,,
B-6,B,Sevillana-Ascolana,2017,6.02,1.55,OFF,0.0,132.0,-1510.0,17.189485248307474,22.560869565217395,18.9762154176087,28.17432432432432,23.988619462702708,378.98877873900005,25.56521739130436,20.34323946978261,0.0,2.6999999999999997,19.08830740580822,0.228455,0.477545,0.294207,1.0,0.301053,0.234031,1.0
B-6,B,Sevillana-Ascolana,2018,7.13,6.02,ON,0.0,85.0,-1594.0,17.45878732310993,21.121739130434783,17.471536242608693,26.984745762711867,21.955425824067795,268.089548941,24.778260869565216,19.919432407608696,0.0,0.0,18.64161043304985,0.266859,0.604803,0.351824,2.0,0.352507,0.27093,1.0
B-6,B,Sevillana-Ascolana,2019,9.32,7.13,ON,0.0,100.0,-1300.5,16.77075980812661,22.74347826086956,18.86167824173913,27.5171875,22.45878673234375,281.780881435,24.51739130434782,19.79306246130435,0.0,1.3999999999999986,18.22257596856338,0.24987700000000002,0.5575535,0.32143,2.0,0.33220842857142857,0.2621252857142857,7.0
B-6,B,Sevillana-Ascolana,2020,7.73,9.32,ON,1.0015394737663663,147.0,-1051.0,16.321239945625745,21.793478260869566,17.03088756630435,27.361333333333334,21.10504912813333,314.97395890800004,25.654347826086955,19.354393115869566,0.0,2.400000000000002,17.773841312622952,0.255369,0.5662328000000001,0.338241,5.0,0.3423702727272727,0.27005754545454547,11.0
B-6,B,Sevillana-Ascolana,2022,12.88,,ON,3.029690606961055,417.0,-1016.5,16.55968325945904,22.09347826086957,15.95058876847826,24.77076923076923,18.65750000015385,247.575818777,23.54318181818182,17.01148042977273,0.0,0.0,16.10811342610606,0.257648,0.593032,0.351119,2.0,0.359946125,0.27912425,8.0
B-6,B,Sevillana-Ascolana,2023,5.31,12.88,OFF,4.024588875343309,489.0,-889.5,16.029180732487994,22.08888888888889,16.198379629444446,26.014,19.8327083336,202.452458434,26.450000000000003,20.21041666636364,0.0,3.8000000000000007,18.23116372696319,0.26803475,0.62016425,0.368103125,8.0,0.3672045,0.2726807,10.0
B-6,B,Sevillana-Ascolana,2024,0.68,5.31,OFF,0.0,30.0,-1792.0,18.45498804715187,23.805,17.91661458325,26.838709677419352,20.563474462258064,254.83836898,24.32,18.070235509000003,0.0,3.400000000000002,18.24257023328829,0.271978,0.6177969999999999,0.370901,2.0,0.362542,0.27361183333333333,6.0
B-7,B,Sevillana-Ascolana,2016,1.51,,OFF,0.0,63.0,-1918.5,18.19909006735981,22.23478260869565,18.705227260869563,27.50133333333333,23.3880700296,365.002599737,25.286046511627905,20.28587449511628,0.0,1.1000000000000014,19.34503504438548,,,,,,,
B-7,B,Sevillana-Ascolana,2017,5.94,1.51,OFF,0.0,132.0,-1510.0,17.189485248307474,22.560869565217395,18.9762154176087,28.17432432432432,23.988619462702708,378.98877873900005,25.56521739130436,20.34323946978261,0.0,2.6999999999999997,19.08830740580822,0.24359,0.526775,0.311269,1.0,0.327302,0.257388,1.0
B-7,B,Sevillana-Ascolana,2018,7.45,5.94,ON,0.0,85.0,-1594.0,17.45878732310993,21.121739130434783,17.471536242608693,26.984745762711867,21.955425824067795,268.089548941,24.778260869565216,19.919432407608696,0.0,0.0,18.64161043304985,0.2896905,0.6771229999999999,0.380057,2.0,0.370239,0.281323,1.0
B-7,B,Sevillana-Ascolana,2019,8.77,7.45,ON,0.0,100.0,-1300.5,16.77075980812661,22.74347826086956,18.86167824173913,27.5171875,22.45878673234375,281.780881435,24.51739130434782,19.79306246130435,0.0,1.3999999999999986,18.22257596856338,0.266174,0.5967475,0.338123,2.0,0.34476614285714285,0.27430757142857143,7.0
B-7,B,Sevillana-Ascolana,2020,8.44,8.77,ON,1.0015394737663663,147.0,-1051.0,16.321239945625745,21.793478260869566,17.03088756630435,27.361333333333334,21.10504912813333,314.97395890800004,25.654347826086955,19.354393115869566,0.0,2.400000000000002,17.773841312622952,0.2555562,0.5522132,0.3345478,5.0,0.3363662727272727,0.26712345454545455,11.0
B-7,B,Sevillana-Ascolana,2022,11.41,,ON,3.029690606961055,417.0,-1016.5,16.55968325945904,22.09347826086957,15.95058876847826,24.77076923076923,18.65750000015385,247.575818777,23.54318181818182,17.01148042977273,0.0,0.0,16.10811342610606,0.2689045,0.6045754999999999,0.3658445,2.0,0.364335625,0.2833535,8.0
B-7,B,Sevillana-Ascolana,2023,4.84,11.41,OFF,4.024588875343309,489.0,-889.5,16.029180732487994,22.08888888888889,16.198379629444446,26.014,19.8327083336,202.452458434,26.450000000000003,20.21041666636364,0.0,3.8000000000000007,18.23116372696319,0.275804,0.630257875,0.38133,8.0,0.3746838,0.2790612,10.0
B-7,B,Sevillana-Ascolana,2024,0.65,4.84,OFF,0.0,30.0,-1792.0,18.45498804715187,23.805,17.91661458325,26.838709677419352,20.563474462258064,254.83836898,24.32,18.070235509000003,0.0,3.400000000000002,18.24257023328829,0.2728585,0.6113065,0.367095,2.0,0.3658136666666667,0.278568,6.0
B-8,B,Sevillana-Ascolana,2016,1.56,,OFF,0.0,63.0,-1918.5,18.19909006735981,22.23478260869565,18.705227260869563,27.50133333333333,23.3880700296,365.002599737,25.286046511627905,20.28587449511628,0.0,1.1000000000000014,19.34503504438548,,,,,,,
B-8,B,Sevillana-Ascolana,2017,6.18,1.56,OFF,0.0,132.0,-1510.0,17.189485248307474,22.560869565217395,18.9762154176087,28.17432432432432,23.988619462702708,378.98877873900005,25.56521739130436,20.34323946978261,0.0,2.6999999999999997,19.08830740580822,0.231921,0.475396,0.296564,1.0,0.309294,0.241208,1.0
B-8,B,Sevillana-Ascolana,2018,8.16,6.18,ON,0.0,85.0,-1594.0,17.45878732310993,21.121739130434783,17.471536242608693,26.984745762711867,21.955425824067795,268.089548941,24.778260869565216,19.919432407608696,0.0,0.0,18.64161043304985,0.2697675,0.5982845,0.352798,2.0,0.359963,0.275868,1.0
B-8,B,Sevillana-Ascolana,2019,9.13,8.16,ON,0.0,100.0,-1300.5,16.77075980812661,22.74347826086956,18.86167824173913,27.5171875,22.45878673234375,281.780881435,24.51739130434782,19.79306246130435,0.0,1.3999999999999986,18.22257596856338,0.25943499999999997,0.565134,0.32939050000000003,2.0,0.34496614285714283,0.27539042857142854,7.0
B-8,B,Sevillana-Ascolana,2020,7.35,9.13,ON,1.0015394737663663,147.0,-1051.0,16.321239945625745,21.793478260869566,17.03088756630435,27.361333333333334,21.10504912813333,314.97395890800004,25.654347826086955,19.354393115869566,0.0,2.400000000000002,17.773841312622952,0.26331059999999995,0.5800902,0.34809460000000003,5.0,0.36096381818181816,0.28604036363636365,11.0
B-8,B,Sevillana-Ascolana,2022,13.49,,ON,3.029690606961055,417.0,-1016.5,16.55968325945904,22.09347826086957,15.95058876847826,24.77076923076923,18.65750000015385,247.575818777,23.54318181818182,17.01148042977273,0.0,0.0,16.10811342610606,0.2666285,0.6126879999999999,0.358502,2.0,0.366631,0.287801625,8.0
B-8,B,Sevillana-Ascolana,2023,4.94,13.49,OFF,4.024588875343309,489.0,-889.5,16.029180732487994,22.08888888888889,16.198379629444446,26.014,19.8327083336,202.452458434,26.450000000000003,20.21041666636364,0.0,3.8000000000000007,18.23116372696319,0.28949199999999997,0.683238625,0.392198125,8.0,0.3962539,0.3005016,10.0
B-8,B,Sevillana-Ascolana,2024,0.69,4.94,OFF,0.0,30.0,-1792.0,18.45498804715187,23.805,17.91661458325,26.838709677419352,20.563474462258064,254.83836898,24.32,18.070235509000003,0.0,3.400000000000002,18.24257023328829,0.2955425,0.6871240000000001,0.392223,2.0,0.3895848333333333,0.2973493333333333,6.0
C-10,C,Sevillana-Ascolana,2016,1.44,,OFF,0.0,63.0,-1918.5,18.19909006735981,22.23478260869565,18.705227260869563,27.50133333333333,23.3880700296,365.002599737,25.286046511627905,20.28587449511628,0.0,1.1000000000000014,19.34503504438548,,,,,,,
C-10,C,Sevillana-Ascolana,2017,5.53,1.44,OFF,0.0,132.0,-1510.0,17.189485248307474,22.560869565217395,18.9762154176087,28.17432432432432,23.988619462702708,378.98877873900005,25.56521739130436,20.34323946978261,0.0,2.6999999999999997,19.08830740580822,0.22681,0.470793,0.293316,1.0,0.302717,0.23507,1.0
C-10,C,Sevillana-Ascolana,2018,7.03,5.53,ON,0.0,85.0,-1594.0,17.45878732310993,21.121739130434783,17.471536242608693,26.984745762711867,21.955425824067795,268.089548941,24.778260869565216,19.919432407608696,0.0,0.0,18.64161043304985,0.264533,0.5874535,0.349742,2.0,0.359208,0.272809,1.0
C-10,C,Sevillana-Ascolana,2019,9.5,7.03,ON,0.0,100.0,-1300.5,16.77075980812661,22.74347826086956,18.86167824173913,27.5171875,22.45878673234375,281.780881435,24.51739130434782,19.79306246130435,0.0,1.3999999999999986,18.22257596856338,0.2548285,0.554621,0.32519149999999997,2.0,0.3373541428571429,0.2648567142857143,7.0
C-10,C,Sevillana-Ascolana,2020,8.12,9.5,ON,1.0015394737663663,147.0,-1051.0,16.321239945625745,21.793478260869566,17.03088756630435,27.361333333333334,21.10504912813333,314.97395890800004,25.654347826086955,19.354393115869566,0.0,2.400000000000002,17.773841312622952,0.25127259999999996,0.5365260000000001,0.3347238,5.0,0.34686181818181816,0.27149945454545454,11.0
C-10,C,Sevillana-Ascolana,2022,11.48,,ON,3.029690606961055,417.0,-1016.5,16.55968325945904,22.09347826086957,15.95058876847826,24.77076923076923,18.65750000015385,247.575818777,23.54318181818182,17.01148042977273,0.0,0.0,16.10811342610606,0.2474815,0.555118,0.3394755,2.0,0.352570375,0.270444125,8.0
C-10,C,Sevillana-Ascolana,2023,4.07,11.48,OFF,4.024588875343309,489.0,-889.5,16.029180732487994,22.08888888888889,16.198379629444446,26.014,19.8327083336,202.452458434,26.450000000000003,20.21041666636364,0.0,3.8000000000000007,18.23116372696319,0.27798449999999997,0.654725125,0.382003,8.0,0.3864012,0.28960379999999997,10.0
C-10,C,Sevillana-Ascolana,2024,0.66,4.07,OFF,0.0,30.0,-1792.0,18.45498804715187,23.805,17.91661458325,26.838709677419352,20.563474462258064,254.83836898,24.32,18.070235509000003,0.0,3.400000000000002,18.24257023328829,0.2853295,0.6635445,0.3864865,2.0,0.3919531666666667,0.2957551666666667,6.0
C-11,C,Sevillana-Ascolana,2016,1.5,,OFF,0.0,63.0,-1918.5,18.19909006735981,22.23478260869565,18.705227260869563,27.50133333333333,23.3880700296,365.002599737,25.286046511627905,20.28587449511628,0.0,1.1000000000000014,19.34503504438548,,,,,,,
C-11,C,Sevillana-Ascolana,2017,5.25,1.5,OFF,0.0,132.0,-1510.0,17.189485248307474,22.560869565217395,18.9762154176087,28.17432432432432,23.988619462702708,378.98877873900005,25.56521739130436,20.34323946978261,0.0,2.6999999999999997,19.08830740580822,0.271212,0.617726,0.345991,1.0,0.352294,0.275349,1.0
C-11,C,Sevillana-Ascolana,2018,7.1,5.25,ON,0.0,85.0,-1594.0,17.45878732310993,21.121739130434783,17.471536242608693,26.984745762711867,21.955425824067795,268.089548941,24.778260869565216,19.919432407608696,0.0,0.0,18.64161043304985,0.28795000000000004,0.6757535,0.37970000000000004,2.0,0.382362,0.291975,1.0
C-11,C,Sevillana-Ascolana,2019,7.93,7.1,ON,0.0,100.0,-1300.5,16.77075980812661,22.74347826086956,18.86167824173913,27.5171875,22.45878673234375,281.780881435,24.51739130434782,19.79306246130435,0.0,1.3999999999999986,18.22257596856338,0.289446,0.6741055,0.37111400000000005,2.0,0.3671457142857143,0.28994385714285714,7.0
C-11,C,Sevillana-Ascolana,2020,8.05,7.93,ON,1.0015394737663663,147.0,-1051.0,16.321239945625745,21.793478260869566,17.03088756630435,27.361333333333334,21.10504912813333,314.97395890800004,25.654347826086955,19.354393115869566,0.0,2.400000000000002,17.773841312622952,0.25885980000000003,0.5616176,0.345166,5.0,0.352465,0.27783654545454545,11.0
C-11,C,Sevillana-Ascolana,2022,11.12,,ON,3.029690606961055,417.0,-1016.5,16.55968325945904,22.09347826086957,15.95058876847826,24.77076923076923,18.65750000015385,247.575818777,23.54318181818182,17.01148042977273,0.0,0.0,16.10811342610606,0.280721,0.649052,0.38241400000000003,2.0,0.3750435,0.28568375,8.0
C-11,C,Sevillana-Ascolana,2023,4.06,11.12,OFF,4.024588875343309,489.0,-889.5,16.029180732487994,22.08888888888889,16.198379629444446,26.014,19.8327083336,202.452458434,26.450000000000003,20.21041666636364,0.0,3.8000000000000007,18.23116372696319,0.28861675,0.675110125,0.40332875,8.0,0.3890835,0.2879616,10.0
C-11,C,Sevillana-Ascolana,2024,0.64,4.06,OFF,0.0,30.0,-1792.0,18.45498804715187,23.805,17.91661458325,26.838709677419352,20.563474462258064,254.83836898,24.32,18.070235509000003,0.0,3.400000000000002,18.24257023328829,0.2858845,0.661184,0.3872015,2.0,0.39142883333333334,0.29795366666666667,6.0
C-9,C,Sevillana-Ascolana,2016,1.29,,OFF,0.0,63.0,-1918.5,18.19909006735981,22.23478260869565,18.705227260869563,27.50133333333333,23.3880700296,365.002599737,25.286046511627905,20.28587449511628,0.0,1.1000000000000014,19.34503504438548,,,,,,,
C-9,C,Sevillana-Ascolana,2017,6.09,1.29,OFF,0.0,132.0,-1510.0,17.189485248307474,22.560869565217395,18.9762154176087,28.17432432432432,23.988619462702708,378.98877873900005,25.56521739130436,20.34323946978261,0.0,2.6999999999999997,19.08830740580822,0.253614,0.55653,0.324244,1.0,0.337002,0.266563,1.0
C-9,C,Sevillana-Ascolana,2018,7.06,6.09,ON,0.0,85.0,-1594.0,17.45878732310993,21.121739130434783,17.471536242608693,26.984745762711867,21.955425824067795,268.089548941,24.778260869565216,19.919432407608696,0.0,0.0,18.64161043304985,0.2854565,0.659808,0.37095049999999996,2.0,0.365675,0.277056,1.0
C-9,C,Sevillana-Ascolana,2019,8.51,7.06,ON,0.0,100.0,-1300.5,16.77075980812661,22.74347826086956,18.86167824173913,27.5171875,22.45878673234375,281.780881435,24.51739130434782,19.79306246130435,0.0,1.3999999999999986,18.22257596856338,0.277028,0.6302095,0.35029299999999997,2.0,0.3482244285714286,0.27718057142857144,7.0
C-9,C,Sevillana-Ascolana,2020,7.26,8.51,ON,1.0015394737663663,147.0,-1051.0,16.321239945625745,21.793478260869566,17.03088756630435,27.361333333333334,21.10504912813333,314.97395890800004,25.654347826086955,19.354393115869566,0.0,2.400000000000002,17.773841312622952,0.2475794,0.5185698000000001,0.3266318,5.0,0.32499836363636364,0.2590093636363636,11.0
C-9,C,Sevillana-Ascolana,2022,10.22,,ON,3.029690606961055,417.0,-1016.5,16.55968325945904,22.09347826086957,15.95058876847826,24.77076923076923,18.65750000015385,247.575818777,23.54318181818182,17.01148042977273,0.0,0.0,16.10811342610606,0.26660249999999996,0.592305,0.3628485,2.0,0.3662475,0.283576875,8.0
C-9,C,Sevillana-Ascolana,2023,4.07,10.22,OFF,4.024588875343309,489.0,-889.5,16.029180732487994,22.08888888888889,16.198379629444446,26.014,19.8327083336,202.452458434,26.450000000000003,20.21041666636364,0.0,3.8000000000000007,18.23116372696319,0.270925125,0.610441375,0.37601087499999997,8.0,0.3732391,0.2775452,10.0
C-9,C,Sevillana-Ascolana,2024,0.62,4.07,OFF,0.0,30.0,-1792.0,18.45498804715187,23.805,17.91661458325,26.838709677419352,20.563474462258064,254.83836898,24.32,18.070235509000003,0.0,3.400000000000002,18.24257023328829,0.280136,0.6352805,0.374085,2.0,0.3829031666666667,0.29336216666666665,6.0
