parcel_id,yield_year,CIre_mean_Brot,CIre_mean_Crec,CIre_mean_Cuaj,CIre_mean_Enve,CIre_mean_Flor,CIre_mean_Reposo,CIre_median_Brot,CIre_median_Crec,CIre_median_Cuaj,CIre_median_Enve,CIre_median_Flor,CIre_median_Reposo,EVI_mean_Brot,EVI_mean_Crec,EVI_mean_Cuaj,EVI_mean_Enve,EVI_mean_Flor,EVI_mean_Reposo,EVI_median_Brot,EVI_median_Crec,EVI_median_Cuaj,EVI_median_Enve,EVI_median_Flor,EVI_median_Reposo,GNDVI_mean_Brot,GNDVI_mean_Crec,GNDVI_mean_Cuaj,GNDVI_mean_Enve,GNDVI_mean_Flor,GNDVI_mean_Reposo,GNDVI_median_Brot,GNDVI_median_Crec,GNDVI_median_Cuaj,GNDVI_median_Enve,GNDVI_median_Flor,GNDVI_median_Reposo,MTCI_mean_Brot,MTCI_mean_Crec,MTCI_mean_Cuaj,MTCI_mean_Enve,MTCI_mean_Flor,MTCI_mean_Reposo,MTCI_median_Brot,MTCI_median_Crec,MTCI_median_Cuaj,MTCI_median_Enve,MTCI_median_Flor,MTCI_median_Reposo,NDRE_mean_Brot,NDRE_mean_Crec,NDRE_mean_Cuaj,NDRE_mean_Enve,NDRE_mean_Flor,NDRE_mean_Reposo,NDRE_median_Brot,NDRE_median_Crec,NDRE_median_Cuaj,NDRE_median_Enve,NDRE_median_Flor,NDRE_median_Reposo,NDVI_mean_Brot,NDVI_mean_Crec,NDVI_mean_Cuaj,NDVI_mean_Enve,NDVI_mean_Flor,NDVI_mean_Reposo,NDVI_median_Brot,NDVI_median_Crec,NDVI_median_Cuaj,NDVI_median_Enve,NDVI_median_Flor,NDVI_median_Reposo,NDWI_mean_Brot,NDWI_mean_Crec,NDWI_mean_Cuaj,NDWI_mean_Enve,NDWI_mean_Flor,NDWI_mean_Reposo,NDWI_median_Brot,NDWI_median_Crec,NDWI_median_Cuaj,NDWI_median_Enve,NDWI_median_Flor,NDWI_median_Reposo,SAVI_mean_Brot,SAVI_mean_Crec,SAVI_mean_Cuaj,SAVI_mean_Enve,SAVI_mean_Flor,SAVI_mean_Reposo,SAVI_median_Brot,SAVI_median_Crec,SAVI_median_Cuaj,SAVI_median_Enve,SAVI_median_Flor,SAVI_median_Reposo
A-1,2016,,,,0.434435,,,,,,0.434435,,,,,,0.217467,,,,,,0.217467,,,,,,0.402083,,,,,,0.402083,,,,,,1.468543,,,,,,1.468543,,,,,,0.220899,,,,,,0.220899,,,,,,0.28474,,,,,,0.28474,,,,,,-0.402083,,,,,,-0.402083,,,,,,0.212545,,,,,,0.212545,,
A-1,2017,,0.443016,0.450718,,,,,0.443016,0.450718,,,,,0.22463,0.227774,,,,,0.22463,0.227774,,,,,0.40246,0.396265,,,,,0.40246,0.396265,,,,,1.494108,1.658788,,,,,1.494108,1.658788,,,,,0.220127,0.219444,,,,,0.220127,0.219444,,,,,0.285266,0.282695,,,,,0.285266,0.282695,,,,,-0.40246,-0.396265,,,,,-0.40246,-0.396265,,,,,0.219098,0.219666,,,,,0.219098,0.219666,,,
A-1,2018,,0.429413,0.463909,0.448982,,0.695259,,0.429413,0.463909,0.448982,,0.695259,,0.22616,0.2450465,0.234321,,0.24893,,0.22616,0.2450465,0.234321,,0.24893,,0.387977,0.39630750000000003,0.414338,,0.494791,,0.387977,0.39630750000000003,0.414338,,0.494791,,1.445336,1.7933535,1.568435,,2.647623,,1.445336,1.7933535,1.568435,,2.647623,,0.208066,0.22122350000000002,0.219543,,0.295997,,0.208066,0.22122350000000002,0.219543,,0.295997,,0.28463,0.296098,0.302262,,0.390553,,0.28463,0.296098,0.302262,,0.390553,,-0.387977,-0.39630750000000003,-0.414338,,-0.494791,,-0.387977,-0.39630750000000003,-0.414338,,-0.494791,,0.214225,0.2293615,0.224681,,0.252239,,0.214225,0.2293615,0.224681,,0.252239
A-1,2019,,0.4381315714285714,0.4663215,0.43037000000000003,,,,0.433225,0.4663215,0.425213,,,,0.21260742857142856,0.23827399999999999,0.20878225,,,,0.210619,0.23827399999999999,0.2093535,,,,0.378371,0.38038249999999996,0.3930275,,,,0.383499,0.38038249999999996,0.40021549999999995,,,,1.6001807142857143,1.6718294999999999,1.6723824999999999,,,,1.59967,1.6718294999999999,1.678674,,,,0.21659414285714287,0.2186855,0.213837,,,,0.215429,0.2186855,0.2145665,,,,0.2733251428571429,0.283361,0.28153375,,,,0.280244,0.283361,0.285383,,,,-0.378371,-0.38038249999999996,-0.3930275,,,,-0.383499,-0.38038249999999996,-0.40021549999999995,,,,0.20364085714285715,0.222033,0.2049515,,,,0.207876,0.222033,0.2076835,,
A-1,2020,0.42357,0.43651199999999996,0.4304733333333333,0.4280234,0.4399615,0.479844,0.42357,0.434108,0.430352,0.440216,0.4399615,0.479844,0.214805,0.21263945454545452,0.22541966666666666,0.20573160000000001,0.237462,0.216274,0.214805,0.214152,0.224177,0.210464,0.237462,0.216274,0.385949,0.3795113636363636,0.38720899999999997,0.3957946,0.3869525,0.432126,0.385949,0.380788,0.387155,0.40296,0.3869525,0.432126,2.873998,1.5650527272727273,1.1232576666666667,1.54582375,1.77007,1.839991,2.873998,1.562477,1.589106,1.5122935,1.77007,1.839991,0.208726,0.21394518181818184,0.21125933333333333,0.2151166,0.21052949999999998,0.233905,0.208726,0.213738,0.211845,0.218272,0.21052949999999998,0.233905,0.283126,0.2763643636363637,0.28025733333333336,0.2835318,0.289107,0.311944,0.283126,0.277412,0.281256,0.290564,0.289107,0.311944,-0.385949,-0.3795113636363636,-0.38720899999999997,-0.3957946,-0.3869525,-0.432126,-0.385949,-0.380788,-0.387155,-0.40296,-0.3869525,-0.432126,0.208471,0.20639745454545455,0.21795399999999998,0.2039762,0.2245085,0.222673,0.208471,0.207598,0.21483,0.209048,0.2245085,0.222673
A-1,2021,,0.43118184615384614,0.42480249999999997,0.5249006666666666,0.450202,0.387122,,0.434807,0.4471045,0.508494,0.450202,0.387122,,0.20824030769230767,0.237577,0.22355166666666668,0.244674,0.193062,,0.214924,0.236077,0.226885,0.244674,0.193062,,0.3773236153846154,0.38467650000000003,0.43718299999999993,0.409933,0.332436,,0.381657,0.39726150000000005,0.424668,0.409933,0.332436,,1.7200987692307694,1.7558018333333332,2.029095,1.82522,0.745971,,1.639867,1.6702314999999999,2.092818,1.82522,0.745971,,0.2082633076923077,0.20602600000000001,0.23856699999999997,0.217508,0.194374,,0.211833,0.21382400000000001,0.235144,0.217508,0.194374,,0.2690458461538462,0.28124283333333333,0.3166366666666667,0.302862,0.245065,,0.27406,0.2900935,0.31151,0.302862,0.245065,,-0.3773236153846154,-0.38467650000000003,-0.43718299999999993,-0.409933,-0.332436,,-0.381657,-0.39726150000000005,-0.424668,-0.409933,-0.332436,,0.20211099999999999,0.223355,0.224755,0.239515,0.174403,,0.206831,0.226306,0.222927,0.239515,0.174403
A-1,2022,0.595306,0.507929375,0.496749,0.5720473333333334,0.535505,0.591511,0.595306,0.5096745,0.496749,0.5499065000000001,0.535505,0.591511,0.262875,0.233389625,0.249879,0.2414085,0.267427,0.237131,0.262875,0.23081249999999998,0.249879,0.2410795,0.267427,0.237131,0.476045,0.421034375,0.414581,0.47183250000000004,0.45362,0.45247,0.476045,0.42352999999999996,0.414581,0.457699,0.45362,0.45247,2.44101,1.785892,1.83113,2.055545,1.734421,1.894552,2.44101,1.8036984999999999,1.83113,1.975323,1.734421,1.894552,0.266223,0.2351875,0.228482,0.2578738333333333,0.246733,0.26001,0.266223,0.2355015,0.228482,0.249661,0.246733,0.26001,0.368115,0.310107,0.310833,0.34813500000000003,0.352418,0.33676,0.368115,0.310152,0.310833,0.33989349999999996,0.352418,0.33676,-0.476045,-0.421034375,-0.414581,-0.47183250000000004,-0.45362,-0.45247,-0.476045,-0.42352999999999996,-0.414581,-0.457699,-0.45362,-0.45247,0.266719,0.228054125,0.237496,0.24574783333333336,0.266698,0.236946,0.266719,0.229234,0.237496,0.23978,0.266698,0.236946
A-1,2023,,0.5573764999999999,0.5835817999999999,0.5751339999999999,0.5462143333333334,,,0.57027,0.577994,0.571787,0.541211,,,0.24863110000000002,0.2785582,0.23802283333333332,0.279412,,,0.2462875,0.285667,0.2378825,0.276657,,,0.44443720000000003,0.44758119999999996,0.4672155,0.4484916666666667,,,0.4432125,0.446331,0.460233,0.451079,,,1.7549477,3.2755218,1.8509683333333333,1.8871543333333332,,,1.7243620000000002,1.748001,1.7593925,1.876221,,,0.2507142,0.25482360000000004,0.260952,0.2472363333333333,,,0.2516355,0.253353,0.25804150000000003,0.247702,,,0.33768509999999996,0.3552868,0.34778216666666667,0.3540206666666667,,,0.33769099999999996,0.357485,0.3455335,0.351907,,,-0.44443720000000003,-0.44758119999999996,-0.4672155,-0.4484916666666667,,,-0.4432125,-0.446331,-0.460233,-0.451079,,,0.24569049999999998,0.2676652,0.242694,0.266384,,,0.244928,0.274196,0.238852,0.262525,
A-1,2024,0.630307,0.5255261666666667,,0.5820445,0.5368055,,0.630307,0.497793,,0.585896,0.5368055,,0.259118,0.23755800000000002,,0.23801150000000001,0.2670305,,0.259118,0.23465249999999999,,0.2379085,0.2670305,,0.479832,0.42048250000000004,,0.45054716666666667,0.42601049999999996,,0.479832,0.416142,,0.454835,0.42601049999999996,,2.065418,1.7329818333333333,,1.4936435000000001,1.8288185,,2.065418,1.689823,,1.630337,1.8288185,,0.275669,0.24155266666666667,,0.2623166666666667,0.2426665,,0.275669,0.232907,,0.2651335,0.2426665,,0.377639,0.3174223333333333,,0.34968933333333335,0.3349715,,0.377639,0.3089505,,0.35425249999999997,0.3349715,,-0.479832,-0.42048250000000004,,-0.45054716666666667,-0.42601049999999996,,-0.479832,-0.416142,,-0.454835,-0.42601049999999996,,0.252808,0.23133683333333332,,0.23737699999999998,0.2521735,,0.252808,0.22624699999999998,,0.23638900000000002,0.2521735,
A-2,2016,,,,0.439313,,,,,,0.439313,,,,,,0.21916,,,,,,0.21916,,,,,,0.413063,,,,,,0.413063,,,,,,1.434464,,,,,,1.434464,,,,,,0.225643,,,,,,0.225643,,,,,,0.291064,,,,,,0.291064,,,,,,-0.413063,,,,,,-0.413063,,,,,,0.216629,,,,,,0.216629,,
A-2,2017,,0.4256,0.419175,,,,,0.4256,0.419175,,,,,0.21558,0.216233,,,,,0.21558,0.216233,,,,,0.404056,0.392613,,,,,0.404056,0.392613,,,,,1.465593,1.543812,,,,,1.465593,1.543812,,,,,0.216533,0.209673,,,,,0.216533,0.209673,,,,,0.278738,0.272703,,,,,0.278738,0.272703,,,,,-0.404056,-0.392613,,,,,-0.404056,-0.392613,,,,,0.212884,0.211029,,,,,0.212884,0.211029,,,
A-2,2018,,0.44638,0.4470375,0.468814,,0.663118,,0.44638,0.4470375,0.468814,,0.663118,,0.228818,0.239153,0.237832,,0.245299,,0.228818,0.239153,0.237832,,0.245299,,0.401377,0.39847200000000005,0.428423,,0.49619,,0.401377,0.39847200000000005,0.428423,,0.49619,,1.458643,1.6880285000000002,1.552944,,2.213704,,1.458643,1.6880285000000002,1.552944,,2.213704,,0.21479,0.217505,0.227858,,0.288731,,0.21479,0.217505,0.227858,,0.288731,,0.29235,0.2915365,0.312404,,0.385361,,0.29235,0.2915365,0.312404,,0.385361,,-0.401377,-0.39847200000000005,-0.428423,,-0.49619,,-0.401377,-0.39847200000000005,-0.428423,,-0.49619,,0.218728,0.22642400000000001,0.229953,,0.250097,,0.218728,0.22642400000000001,0.229953,,0.250097
A-2,2019,,0.46563214285714283,0.43614949999999997,0.477311,,,,0.459225,0.43614949999999997,0.467619,,,,0.2223757142857143,0.2159085,0.2255855,,,,0.223524,0.2159085,0.22290700000000002,,,,0.39640442857142855,0.37021,0.422836,,,,0.402098,0.37021,0.4228645,,,,1.6482024285714285,1.7822695,1.8016415,,,,1.651854,1.7822695,1.7375205,,,,0.2272522857142857,0.20747,0.2335015,,,,0.226468,0.20747,0.22950399999999999,,,,0.2870774285714286,0.26872050000000003,0.3060525,,,,0.291985,0.26872050000000003,0.30271499999999996,,,,-0.39640442857142855,-0.37021,-0.422836,,,,-0.402098,-0.37021,-0.4228645,,,,0.214802,0.203425,0.22356225,,,,0.217135,0.203425,0.221108,,
A-2,2020,0.453205,0.4443893636363636,0.41713266666666665,0.4435914,0.406931,0.517621,0.453205,0.450899,0.415167,0.444373,0.406931,0.517621,0.230404,0.2170551818181818,0.22135466666666667,0.2137204,0.2316875,0.228169,0.230404,0.217278,0.222344,0.208148,0.2316875,0.228169,0.410234,0.3956170909090909,0.3911246666666666,0.41571980000000003,0.3836895,0.455655,0.410234,0.395471,0.387224,0.422069,0.3836895,0.455655,1.667749,1.5092155454545455,1.5427739999999999,1.5115684,1.569883,1.990394,1.667749,1.482643,1.581434,1.462056,1.569883,1.990394,0.224083,0.22050681818181816,0.20879933333333334,0.22439599999999998,0.202573,0.249578,0.224083,0.220557,0.208255,0.226475,0.202573,0.249578,0.302076,0.2831353636363636,0.2769523333333333,0.2940626,0.2776415,0.329175,0.302076,0.28175,0.27615,0.295918,0.2776415,0.329175,-0.410234,-0.3956170909090909,-0.3911246666666666,-0.41571980000000003,-0.3836895,-0.455655,-0.410234,-0.395471,-0.387224,-0.422069,-0.3836895,-0.455655,0.225242,0.21325836363636366,0.21667666666666666,0.21416399999999997,0.2198315,0.237328,0.225242,0.213323,0.220804,0.214742,0.2198315,0.237328
A-2,2021,,0.4986771538461538,0.46038833333333334,0.6020880000000001,0.506476,0.005517,,0.500253,0.4790125,0.582958,0.506476,0.005517,,0.23007161538461537,0.24579566666666666,0.24169766666666667,0.262332,0.362452,,0.234153,0.2470365,0.240046,0.262332,0.362452,,0.413916,0.40516633333333335,0.47781499999999993,0.436264,0.034305,,0.421843,0.418107,0.464874,0.436264,0.034305,,1.5550036153846152,1.7357595000000001,1.8501186666666667,1.876689,-0.368308,,1.78488,1.7224555,1.875723,1.876689,-0.368308,,0.23378053846153846,0.21926416666666668,0.267355,0.236454,-0.013235,,0.23657,0.2282225,0.260907,0.236454,-0.013235,,0.3012993076923077,0.2983631666666667,0.3504446666666667,0.326728,0.069566,,0.306329,0.3056055,0.338821,0.326728,0.069566,,-0.413916,-0.40516633333333335,-0.47781499999999993,-0.436264,-0.034305,,-0.421843,-0.418107,-0.464874,-0.436264,-0.034305,,0.22551338461538462,0.234264,0.2462243333333333,0.259312,0.058177,,0.225844,0.23845100000000002,0.239304,0.259312,0.058177
A-2,2022,0.61268,0.5342217499999999,0.527896,0.6090238333333333,0.5107,0.677269,0.61268,0.543428,0.527896,0.5893815,0.5107,0.677269,0.264379,0.237922875,0.258655,0.24944233333333332,0.253724,0.25791,0.264379,0.23548599999999997,0.258655,0.2480715,0.253724,0.25791,0.495093,0.4399615,0.435213,0.4957770000000001,0.460365,0.486688,0.495093,0.4445525,0.435213,0.4794315,0.460365,0.486688,,1.79250175,1.799815,1.7782996666666666,1.63427,2.194545,,1.8018239999999999,1.799815,1.7424395000000001,1.63427,2.194545,0.272621,0.24629737499999999,0.240684,0.272298,0.243581,0.289382,0.272621,0.249555,0.240684,0.2661465,0.243581,0.289382,0.377542,0.323907,0.327928,0.3655661666666667,0.34286,0.371034,0.377542,0.32774250000000005,0.327928,0.3553925,0.34286,0.371034,-0.495093,-0.4399615,-0.435213,-0.4957770000000001,-0.460365,-0.486688,-0.495093,-0.4445525,-0.435213,-0.4794315,-0.460365,-0.486688,0.272315,0.235186125,0.248316,0.2568655,0.2589,0.259641,0.272315,0.239042,0.248316,0.2530635,0.2589,0.259641
A-2,2023,,0.5892461,0.6022679999999999,0.6083523333333334,0.5599066666666667,,,0.5930245,0.592281,0.6019574999999999,0.560375,,,0.2550475,0.2805304,0.245918,0.2821086666666666,,,0.2565045,0.284603,0.2441965,0.279833,,,0.46593049999999997,0.46365160000000005,0.48857016666666664,0.464983,,,0.46630950000000004,0.462871,0.48116000000000003,0.466122,,,1.7099159,1.8046042,1.7504791666666666,1.7968126666666666,,,1.7444905,1.804557,1.7756865,1.808344,,,0.2627077,0.26285820000000004,0.2738331666666666,0.25419833333333336,,,0.2650485,0.260436,0.2708155,0.256406,,,0.35401509999999997,0.3649418,0.3658973333333333,0.362663,,,0.35840700000000003,0.368216,0.3633675,0.361908,,,-0.46593049999999997,-0.46365160000000005,-0.48857016666666664,-0.464983,,,-0.46630950000000004,-0.462871,-0.48116000000000003,-0.466122,,,0.2551059,0.273184,0.25315183333333335,0.2724866666666667,,,0.258808,0.28113,0.248888,0.269606,
A-2,2024,0.668401,0.5303034999999999,,0.5697563333333333,0.529721,,0.668401,0.508539,,0.5709435,0.529721,,0.266914,0.2417435,,0.23711566666666664,0.2653985,,0.266914,0.2406605,,0.23805749999999998,0.2653985,,0.495776,0.43826800000000005,,0.4636203333333333,0.439478,,0.495776,0.43520349999999997,,0.4684005,0.439478,,2.312876,1.6466683333333334,,1.6785281666666665,1.7890415000000002,,2.312876,1.5957485,,1.6616385,1.7890415000000002,,0.288799,0.24781633333333333,,0.26278283333333335,0.24720799999999998,,0.288799,0.241666,,0.266166,0.24720799999999998,,0.393305,0.3271056666666667,,0.3504968333333333,0.3387065,,0.393305,0.32077350000000004,,0.357206,0.3387065,,-0.495776,-0.43826800000000005,,-0.4636203333333333,-0.439478,,-0.495776,-0.43520349999999997,,-0.4684005,-0.439478,,0.261982,0.23814233333333332,,0.23955716666666668,0.2544155,,0.261982,0.2344275,,0.2406705,0.2544155,
A-3,2016,,,,0.529211,,,,,,0.529211,,,,,,0.239062,,,,,,0.239062,,,,,,0.436818,,,,,,0.436818,,,,,,1.744509,,,,,,1.744509,,,,,,0.254471,,,,,,0.254471,,,,,,0.32213,,,,,,0.32213,,,,,,-0.436818,,,,,,-0.436818,,,,,,0.235078,,,,,,0.235078,,
A-3,2017,,0.504117,0.51112,,,,,0.504117,0.51112,,,,,0.234142,0.240074,,,,,0.234142,0.240074,,,,,0.423572,0.416936,,,,,0.423572,0.416936,,,,,1.75879,1.924485,,,,,1.75879,1.924485,,,,,0.239348,0.238398,,,,,0.239348,0.238398,,,,,0.306797,0.306022,,,,,0.306797,0.306022,,,,,-0.423572,-0.416936,,,,,-0.423572,-0.416936,,,,,0.230208,0.23273,,,,,0.230208,0.23273,,,
A-3,2018,,0.492312,0.567963,0.501342,,0.79245,,0.492312,0.567963,0.501342,,0.79245,,0.244088,0.275687,0.248381,,0.26884,,0.244088,0.275687,0.248381,,0.26884,,0.423468,0.4354485,0.442707,,0.523278,,0.423468,0.4354485,0.442707,,0.523278,,1.588098,1.9475565,1.823354,,3.601318,,1.588098,1.9475565,1.823354,,3.601318,,0.234241,0.25597400000000003,0.239816,,0.322986,,0.234241,0.25597400000000003,0.239816,,0.322986,,0.314538,0.338491,0.326221,,0.420751,,0.314538,0.338491,0.326221,,0.420751,,-0.423468,-0.4354485,-0.442707,,-0.523278,,-0.423468,-0.4354485,-0.442707,,-0.523278,,0.234829,0.2603225,0.241699,,0.272974,,0.234829,0.2603225,0.241699,,0.272974
A-3,2019,,0.5340514285714286,0.5627534999999999,0.5331652499999999,,,,0.533958,0.5627534999999999,0.5205115,,,,0.23971314285714285,0.2651015,0.2344535,,,,0.239421,0.2651015,0.2319175,,,,0.4245222857142857,0.4294175,0.441831,,,,0.432376,0.4294175,0.43974,,,,1.5196952857142858,1.924712,1.793409,,,,1.702301,1.924712,1.8038690000000002,,,,0.252565,0.256764,0.252169,,,,0.253812,0.256764,0.2477705,,,,0.31640414285714286,0.3296755,0.32659625000000003,,,,0.32317,0.3296755,0.321794,,,,-0.4245222857142857,-0.4294175,-0.441831,,,,-0.432376,-0.4294175,-0.43974,,,,0.2323535714285714,0.2508385,0.233456,,,,0.235272,0.2508385,0.230725,,
A-3,2020,0.505414,0.5048201818181819,0.5019593333333333,0.49556659999999997,0.518125,0.601551,0.505414,0.499465,0.503793,0.499516,0.518125,0.601551,0.224235,0.23344081818181817,0.24788066666666667,0.2240748,0.266008,0.24079,0.224235,0.23428,0.247134,0.22238,0.266008,0.24079,0.42601,0.42305945454545457,0.42640666666666666,0.435801,0.43401449999999997,0.48628,0.42601,0.425903,0.435178,0.44552,0.43401449999999997,0.48628,1.895514,1.5619244545454547,2.480653333333333,1.524225,1.7082885,1.932107,1.895514,1.575574,1.804496,1.567791,1.7082885,1.932107,0.240232,0.24364127272727273,0.24057766666666666,0.2443434,0.2444285,0.275458,0.240232,0.242847,0.240975,0.248214,0.2444285,0.275458,0.319823,0.31247772727272727,0.315656,0.3172054,0.3294785,0.361157,0.319823,0.315348,0.321,0.320033,0.3294785,0.361157,-0.42601,-0.42305945454545457,-0.42640666666666666,-0.435801,-0.43401449999999997,-0.48628,-0.42601,-0.425903,-0.435178,-0.44552,-0.43401449999999997,-0.48628,0.222596,0.23048254545454547,0.24327466666666667,0.2250528,0.25593499999999997,0.252231,0.222596,0.231957,0.246229,0.225302,0.25593499999999997,0.252231
A-3,2021,,0.5496524615384616,0.5141061666666666,0.6721343333333333,0.524718,0.462779,,0.539933,0.502126,0.662449,0.524718,0.462779,,0.24229523076923076,0.26248883333333334,0.253641,0.267668,0.219663,,0.243467,0.26265649999999996,0.252385,0.267668,0.219663,,0.43693915384615384,0.43402466666666667,0.49822533333333335,0.457367,0.395968,,0.438549,0.4269155,0.490535,0.457367,0.395968,,1.813481923076923,1.8172228333333333,2.159580666666667,1.775422,1.827179,,1.862617,1.818766,2.227021,1.775422,1.827179,,0.25321869230769234,0.2423928333333333,0.28806733333333334,0.247782,0.229878,,0.251711,0.237083,0.28516,0.247782,0.229878,,0.3239510769230769,0.32317733333333337,0.37341966666666665,0.341003,0.292362,,0.324792,0.3187325,0.367123,0.341003,0.292362,,-0.43693915384615384,-0.43402466666666667,-0.49822533333333335,-0.457367,-0.395968,,-0.438549,-0.4269155,-0.490535,-0.457367,-0.395968,,0.23857469230769232,0.25301233333333334,0.258397,0.267647,0.207413,,0.238665,0.25469549999999996,0.254809,0.267647,0.207413
A-3,2022,0.606148,0.593652875,0.565664,0.6830396666666667,0.55863,0.738469,0.606148,0.594332,0.565664,0.665454,0.55863,0.738469,0.258403,0.2520475,0.266503,0.2595905,0.265245,0.263435,0.258403,0.2477985,0.266503,0.25977550000000005,0.265245,0.263435,0.48744,0.456973875,0.443045,0.5121276666666666,0.467697,0.514786,0.48744,0.4590425,0.443045,0.49634849999999997,0.467697,0.514786,1.62366,1.9813749999999999,2.083659,2.7689692,1.899556,5.211566,1.62366,1.967307,2.083659,2.063118,1.899556,5.211566,0.27413,0.267608375,0.25504,0.2955745,0.258829,0.306949,0.27413,0.268248,0.25504,0.2903945,0.258829,0.306949,0.368792,0.344032625,0.338676,0.3877093333333333,0.356987,0.391417,0.368792,0.34440899999999997,0.338676,0.379015,0.356987,0.391417,-0.48744,-0.456973875,-0.443045,-0.5121276666666666,-0.467697,-0.514786,-0.48744,-0.4590425,-0.443045,-0.49634849999999997,-0.467697,-0.514786,0.265358,0.24845224999999999,0.254964,0.2665981666666667,0.268067,0.268984,0.265358,0.25021,0.254964,0.263343,0.268067,0.268984
A-3,2023,,0.6298205,0.6639856,0.6641943333333333,0.605724,,,0.6341060000000001,0.637609,0.66013,0.597962,,,0.2631025,0.2975534,0.25389216666666664,0.28953233333333334,,,0.26589399999999996,0.293154,0.25298,0.28639,,,0.4801668,0.4837714,0.5050301666666667,0.476176,,,0.479306,0.472244,0.497152,0.479521,,,1.7709755,1.9688602,1.8199041999999999,2.0229596666666665,,,1.81433,1.945697,1.774496,2.015056,,,0.2786056,0.2853116,0.2921023333333333,0.2704436666666667,,,0.27791449999999995,0.276794,0.289902,0.269127,,,0.3689372,0.3902952,0.3843273333333333,0.3767606666666667,,,0.3707465,0.381506,0.381658,0.37301,,,-0.4801668,-0.4837714,-0.5050301666666667,-0.476176,,,-0.479306,-0.472244,-0.497152,-0.479521,,,0.2627812,0.28840180000000004,0.26095666666666667,0.2790086666666667,,,0.2660725,0.285438,0.2569285,0.275718,
A-3,2024,0.715549,0.6081725,,0.6541655,0.581414,,0.715549,0.5775555,,0.6520414999999999,0.581414,,0.26801,0.25219566666666665,,0.24472816666666666,0.273915,,0.26801,0.250049,,0.2443525,0.273915,,0.507746,0.4504576666666667,,0.47767183333333335,0.4499495,,0.507746,0.446037,,0.482799,0.4499495,,2.170244,1.8600539999999999,,1.9038655,2.032679,,2.170244,1.8290980000000001,,1.8909465,2.032679,,0.304377,0.26956766666666665,,0.28675483333333335,0.261487,,0.304377,0.26202000000000003,,0.2893265,0.261487,,0.404845,0.3469816666666667,,0.370517,0.35290699999999997,,0.404845,0.340334,,0.3772175,0.35290699999999997,,-0.507746,-0.4504576666666667,,-0.47767183333333335,-0.4499495,,-0.507746,-0.446037,,-0.482799,-0.4499495,,0.263667,0.24758116666666666,,0.24620033333333335,0.26218549999999996,,0.263667,0.2440275,,0.246513,0.26218549999999996,
A-4,2016,,,,0.489688,,,,,,0.489688,,,,,,0.225997,,,,,,0.225997,,,,,,0.428368,,,,,,0.428368,,,,,,1.635883,,,,,,1.635883,,,,,,0.243446,,,,,,0.243446,,,,,,0.305065,,,,,,0.305065,,,,,,-0.428368,,,,,,-0.428368,,,,,,0.224257,,,,,,0.224257,,
A-4,2017,,0.448347,0.446232,,,,,0.448347,0.446232,,,,,0.217609,0.220738,,,,,0.217609,0.220738,,,,,0.409127,0.40049,,,,,0.409127,0.40049,,,,,1.573459,1.653339,,,,,1.573459,1.653339,,,,,0.223693,0.218881,,,,,0.223693,0.218881,,,,,0.283912,0.280727,,,,,0.283912,0.280727,,,,,-0.409127,-0.40049,,,,,-0.409127,-0.40049,,,,,0.215234,0.215787,,,,,0.215234,0.215787,,,
A-4,2018,,0.443119,0.5034959999999999,0.465831,,0.66969,,0.443119,0.5034959999999999,0.465831,,0.66969,,0.229866,0.2583845,0.23758,,0.247458,,0.229866,0.2583845,0.23758,,0.247458,,0.411731,0.422066,0.435761,,0.500281,,0.411731,0.422066,0.435761,,0.500281,,1.463972,1.780618,1.843155,,2.324798,,1.463972,1.780618,1.843155,,2.324798,,0.21748,0.2380745,0.228495,,0.293437,,0.21748,0.2380745,0.228495,,0.293437,,0.292953,0.31688099999999997,0.310563,,0.384862,,0.292953,0.31688099999999997,0.310563,,0.384862,,-0.411731,-0.422066,-0.435761,,-0.500281,,-0.411731,-0.422066,-0.435761,,-0.500281,,0.222705,0.2460325,0.232772,,0.252701,,0.222705,0.2460325,0.232772,,0.252701
A-4,2019,,0.5080577142857142,0.49011899999999997,0.52560125,,,,0.504385,0.49011899999999997,0.5171805,,,,0.23643114285714287,0.21124749999999998,0.23847925,,,,0.235096,0.21124749999999998,0.2343675,,,,0.4201115714285714,0.387116,0.4443795,,,,0.430253,0.387116,0.436824,,,,1.6597795714285712,1.8414085,1.754027,,,,1.651573,1.8414085,1.7471505,,,,0.24545585714285714,0.225959,0.252525,,,,0.246426,0.225959,0.248637,,,,0.307143,0.29021949999999996,0.325622,,,,0.311914,0.29021949999999996,0.3174965,,,,-0.4201115714285714,-0.387116,-0.4443795,,,,-0.430253,-0.387116,-0.436824,,,,0.22978371428571429,0.20174150000000002,0.2372725,,,,0.231434,0.20174150000000002,0.2307265,,
A-4,2020,0.551611,0.48379190909090913,0.48133333333333334,0.504734,0.5197860000000001,0.561909,0.551611,0.484925,0.48824,0.514609,0.5197860000000001,0.561909,0.257952,0.232257,0.24499200000000002,0.2345654,0.2741205,0.238341,0.257952,0.230832,0.246341,0.228883,0.2741205,0.238341,0.448144,0.4235800909090909,0.4235873333333333,0.4448038,0.434987,0.477032,0.448144,0.421356,0.432864,0.456008,0.434987,0.477032,1.853538,1.5415850909090911,1.618563,1.6071307999999997,1.8569735,1.86376,1.853538,1.512554,1.624793,1.60364,1.8569735,1.86376,0.257328,0.23774163636363638,0.23324933333333334,0.24663240000000003,0.242908,0.266956,0.257328,0.235435,0.236397,0.251572,0.242908,0.266956,0.344484,0.3040080909090909,0.30897100000000005,0.32173979999999996,0.333769,0.346255,0.344484,0.300414,0.316388,0.325625,0.333769,0.346255,-0.448144,-0.4235800909090909,-0.4235873333333333,-0.4448038,-0.434987,-0.477032,-0.448144,-0.421356,-0.432864,-0.456008,-0.434987,-0.477032,0.254222,0.23085463636363637,0.24217233333333332,0.2363782,0.2633575,0.24937,0.254222,0.228319,0.247658,0.238105,0.2633575,0.24937
A-4,2021,,0.5473626153846154,0.4998546666666666,0.662957,0.523969,0.125315,,0.54855,0.489495,0.660622,0.523969,0.125315,,0.24437953846153848,0.260548,0.25429266666666667,0.271849,0.13263,,0.242945,0.2585855,0.250116,0.271849,0.13263,,0.4395052307692308,0.43266783333333336,0.4998883333333333,0.459119,0.098161,,0.445005,0.42529150000000004,0.49357,0.459119,0.098161,,1.8469443846153846,1.7505645,2.1461333333333332,1.766445,1.90629,,1.876998,1.7771785,2.132959,1.766445,1.90629,,0.25462123076923077,0.23823033333333332,0.288999,0.247414,0.063254,,0.255974,0.234178,0.288777,0.247414,0.063254,,0.32423307692307696,0.3184635,0.37216099999999996,0.340436,0.084508,,0.324251,0.31532649999999995,0.366121,0.340436,0.084508,,-0.4395052307692308,-0.43266783333333336,-0.4998883333333333,-0.459119,-0.098161,,-0.445005,-0.42529150000000004,-0.49357,-0.459119,-0.098161,,0.24077238461538464,0.25142166666666665,0.25921599999999995,0.272198,0.068696,,0.239879,0.252704,0.255943,0.272198,0.068696
A-4,2022,0.58595,0.55712225,0.545931,0.6262694999999999,0.511295,0.775045,0.58595,0.5662275,0.545931,0.6024465,0.511295,0.775045,0.255365,0.24478,0.263639,0.2492905,0.252424,0.277211,0.255365,0.24026799999999998,0.263639,0.252085,0.252424,0.277211,0.485708,0.44744425,0.44076,0.4918578333333334,0.459255,0.528092,0.485708,0.45327649999999997,0.44076,0.479584,0.459255,0.528092,2.078565,1.777457375,2.044169,1.9499875,1.944138,2.375743,2.078565,1.796647,2.044169,1.93915,1.944138,2.375743,0.267588,0.2555495,0.248594,0.2767231666666667,0.24534,0.320337,0.267588,0.2592325,0.248594,0.270733,0.24534,0.320337,0.364285,0.331664625,0.334028,0.36635033333333333,0.340239,0.407097,0.364285,0.335764,0.334028,0.3599075,0.340239,0.407097,-0.485708,-0.44744425,-0.44076,-0.4918578333333334,-0.459255,-0.528092,-0.485708,-0.45327649999999997,-0.44076,-0.479584,-0.459255,-0.528092,0.263268,0.2414075,0.252779,0.254727,0.257101,0.28109,0.263268,0.24376799999999998,0.252779,0.245097,0.257101,0.28109
A-4,2023,,0.6045765000000001,0.6160776,0.6310525,0.5609386666666666,,,0.613711,0.607226,0.6259975,0.552542,,,0.2566655,0.2836518,0.24822883333333334,0.28002166666666667,,,0.26166,0.27882,0.245753,0.277569,,,0.473421,0.4729564,0.4942136666666667,0.46660033333333334,,,0.4715595,0.466716,0.488086,0.468643,,,1.8127516,1.6878851999999998,1.7951346666666665,2.0911846666666665,,,1.7820179999999999,1.661351,1.799351,2.056771,,,0.2700349,0.27141899999999997,0.281228,0.2568076666666667,,,0.270872,0.267792,0.2800275,0.256296,,,0.358502,0.3717624,0.3719141666666667,0.3617143333333333,,,0.360278,0.369079,0.370869,0.358497,,,-0.473421,-0.4729564,-0.4942136666666667,-0.46660033333333334,,,-0.4715595,-0.466716,-0.488086,-0.468643,,,0.2570256,0.2766162,0.2552061666666667,0.27071433333333333,,,0.260375,0.276404,0.2516105,0.267826,
A-4,2024,0.664549,0.5540073333333333,,0.5794693333333333,0.5268200000000001,,0.664549,0.533758,,0.57996,0.5268200000000001,,0.262364,0.24156433333333335,,0.23335133333333333,0.25923799999999997,,0.262364,0.241339,,0.233383,0.25923799999999997,,0.501318,0.43700999999999995,,0.4596828333333334,0.435785,,0.501318,0.43363799999999997,,0.4664475,0.435785,,2.031853,1.6515796666666667,,1.6425988333333335,1.947098,,2.031853,1.6044105000000002,,1.678831,1.947098,,0.290671,0.2540546666666667,,0.26477100000000003,0.2454225,,0.290671,0.247512,,0.2679395,0.2454225,,0.391809,0.32949033333333333,,0.3476943333333333,0.3333475,,0.391809,0.323658,,0.3560935,0.3333475,,-0.501318,-0.43700999999999995,,-0.4596828333333334,-0.435785,,-0.501318,-0.43363799999999997,,-0.4664475,-0.435785,,0.259071,0.23716866666666667,,0.23512283333333336,0.2487995,,0.259071,0.2338115,,0.23735,0.2487995,
B-5,2016,,,,0.511288,,,,,,0.511288,,,,,,0.230611,,,,,,0.230611,,,,,,0.414163,,,,,,0.414163,,,,,,1.785498,,,,,,1.785498,,,,,,0.244252,,,,,,0.244252,,,,,,0.307244,,,,,,0.307244,,,,,,-0.414163,,,,,,-0.414163,,,,,,0.224163,,,,,,0.224163,,
B-5,2017,,0.516495,0.52384,,,,,0.516495,0.52384,,,,,0.240022,0.247443,,,,,0.240022,0.247443,,,,,0.418218,0.412232,,,,,0.418218,0.412232,,,,,1.636938,1.872017,,,,,1.636938,1.872017,,,,,0.24109,0.24033,,,,,0.24109,0.24033,,,,,0.311168,0.311082,,,,,0.311168,0.311082,,,,,-0.418218,-0.412232,,,,,-0.418218,-0.412232,,,,,0.233556,0.237154,,,,,0.233556,0.237154,,,
B-5,2018,,0.601372,0.593719,0.630376,,0.836176,,0.601372,0.593719,0.630376,,0.836176,,0.265944,0.2778545,0.27238,,0.272142,,0.265944,0.2778545,0.27238,,0.272142,,0.442661,0.441083,0.467468,,0.526012,,0.442661,0.441083,0.467468,,0.526012,,1.955643,2.090634,1.991515,,2.756094,,1.955643,2.090634,1.991515,,2.756094,,0.263663,0.263903,0.276433,,0.332279,,0.263663,0.263903,0.276433,,0.332279,,0.34632,0.3455335,0.365818,,0.430348,,0.34632,0.3455335,0.365818,,0.430348,,-0.442661,-0.441083,-0.467468,,-0.526012,,-0.442661,-0.441083,-0.467468,,-0.526012,,0.252553,0.262497,0.261611,,0.274618,,0.252553,0.262497,0.261611,,0.274618
B-5,2019,,0.5388458571428572,0.5688139999999999,0.550156,,,,0.54032,0.5688139999999999,0.53545,,,,0.239617,0.261652,0.23591025,,,,0.237311,0.261652,0.234541,,,,0.41743142857142856,0.418716,0.4401105,,,,0.422979,0.418716,0.44211849999999997,,,,1.8000891428571428,1.3105655,1.597533,,,,1.772447,1.3105655,1.789987,,,,0.25203385714285714,0.2556795,0.25496475,,,,0.253008,0.2556795,0.25221,,,,0.31886028571428576,0.326053,0.333114,,,,0.324535,0.326053,0.3325345,,,,-0.41743142857142856,-0.418716,-0.4401105,,,,-0.422979,-0.418716,-0.44211849999999997,,,,0.23102899999999998,0.245615,0.23460975,,,,0.234653,0.245615,0.2347195,,
B-5,2020,0.594019,0.5624252727272727,0.5493843333333334,0.5542157999999999,0.533908,0.6034,0.594019,0.550418,0.545056,0.562114,0.533908,0.6034,0.247986,0.2426821818181818,0.256903,0.2310878,0.2456045,0.242791,0.247986,0.243901,0.252174,0.231885,0.2456045,0.242791,0.445689,0.4273527272727273,0.43096500000000004,0.44044819999999996,0.425451,0.479009,0.445689,0.428927,0.435242,0.448722,0.425451,0.479009,2.081131,1.7590483636363636,1.8953159999999998,1.8693892,1.9185794999999999,2.812606,2.081131,1.835273,1.8953159999999998,1.852263,1.9185794999999999,2.812606,0.265439,0.2589138181818182,0.25264166666666665,0.2590192,0.24452849999999998,0.275439,0.265439,0.257214,0.251447,0.260154,0.24452849999999998,0.275439,0.352092,0.32703736363636365,0.32981733333333335,0.3324828,0.329139,0.365327,0.352092,0.325821,0.329926,0.337854,0.329139,0.365327,-0.445689,-0.4273527272727273,-0.43096500000000004,-0.44044819999999996,-0.425451,-0.479009,-0.445689,-0.428927,-0.435242,-0.448722,-0.425451,-0.479009,0.244267,0.23736754545454544,0.250341,0.2303532,0.237811,0.252383,0.244267,0.238788,0.250121,0.231484,0.237811,0.252383
B-5,2021,,0.5618928461538462,0.5591811666666667,0.679389,0.561783,0.430081,,0.565467,0.5546395,0.664548,0.561783,0.430081,,0.24253269230769228,0.2761475,0.25521166666666667,0.275623,0.217419,,0.250335,0.2731655,0.258029,0.275623,0.217419,,0.42731792307692307,0.43447516666666663,0.4881663333333333,0.448937,0.355333,,0.433101,0.431668,0.477285,0.448937,0.355333,,1.9892232307692306,1.9483398333333335,3.495194,1.955322,1.46393,,2.015176,1.9435945000000001,2.314525,1.955322,1.46393,,0.2537197692307692,0.252863,0.28801533333333335,0.255403,0.204398,,0.257013,0.2510795,0.283122,0.255403,0.204398,,0.3238182307692308,0.3379468333333333,0.37104933333333334,0.347218,0.272709,,0.330446,0.3386575,0.360918,0.347218,0.272709,,-0.42731792307692307,-0.43447516666666663,-0.4881663333333333,-0.448937,-0.355333,,-0.433101,-0.431668,-0.477285,-0.448937,-0.355333,,0.23706176923076921,0.26212016666666665,0.2571396666666667,0.270635,0.192909,,0.241234,0.26161999999999996,0.251632,0.270635,0.192909
B-5,2022,0.671548,0.650932625,0.607709,0.7552066666666667,0.628452,0.744855,0.671548,0.6605065000000001,0.607709,0.733088,0.628452,0.744855,0.273693,0.26988225,0.282852,0.27322033333333334,0.289169,0.261294,0.273693,0.2663335,0.282852,0.273565,0.289169,0.261294,0.49525,0.461052375,0.446689,0.5172723333333333,0.474008,0.505616,0.49525,0.4656985,0.446689,0.506462,0.474008,0.505616,2.283294,2.088405142857143,2.012629,2.3159603333333334,1.965576,1.748055,2.283294,2.108815,2.012629,2.218122,1.965576,1.748055,0.288916,0.27943325,0.263955,0.3083398333333333,0.275662,0.303971,0.288916,0.28187249999999997,0.263955,0.3048885,0.275662,0.303971,0.388355,0.36175725000000003,0.356514,0.4072908333333333,0.382055,0.387454,0.388355,0.3640415,0.356514,0.40419099999999997,0.382055,0.387454,-0.49525,-0.461052375,-0.446689,-0.5172723333333333,-0.474008,-0.505616,-0.49525,-0.4656985,-0.446689,-0.506462,-0.474008,-0.505616,0.277097,0.2621445,0.267096,0.2773598333333333,0.28666,0.266127,0.277097,0.264145,0.267096,0.273463,0.28666,0.266127
B-5,2023,,0.6027953,0.6063761999999999,0.6482561666666667,0.5923569999999999,,,0.602194,0.59792,0.63778,0.58978,,,0.2605939,0.2825062,0.2546836666666667,0.28374499999999997,,,0.26533450000000003,0.279994,0.252884,0.285147,,,0.4602091,0.4568434,0.48978666666666665,0.46052933333333335,,,0.453552,0.455877,0.481503,0.458625,,,2.0232317,2.0654496,1.8791886666666666,2.0535506666666667,,,1.8753515,1.911571,1.8766875,1.959633,,,0.26703540000000003,0.26627619999999996,0.28431266666666666,0.26383,,,0.265537,0.260773,0.28095800000000004,0.261386,,,0.3606564,0.3662282,0.382928,0.366352,,,0.3577705,0.367404,0.37841800000000003,0.36667,,,-0.4602091,-0.4568434,-0.48978666666666665,-0.46052933333333335,,,-0.453552,-0.455877,-0.481503,-0.458625,,,0.2573605,0.27194280000000004,0.2593396666666667,0.271053,,,0.2592505,0.273909,0.254763,0.272765,
B-5,2024,0.709318,0.5793761666666667,,0.605677,0.5703265,,0.709318,0.5631085,,0.601654,0.5703265,,0.267485,0.25205833333333333,,0.2411835,0.27345149999999996,,0.267485,0.2523945,,0.240694,0.27345149999999996,,0.497923,0.44055516666666666,,0.4606828333333333,0.4441225,,0.497923,0.43918500000000005,,0.466384,0.4441225,,2.299094,1.7679004999999999,,1.6294601666666668,1.909435,,2.299094,1.7442704999999998,,1.7366655,1.909435,,0.299065,0.26203316666666665,,0.2720643333333333,0.25853499999999996,,0.299065,0.2573925,,0.2740445,0.25853499999999996,,0.404216,0.3443773333333333,,0.36099299999999995,0.35226999999999997,,0.404216,0.34038500000000005,,0.36875800000000003,0.35226999999999997,,-0.497923,-0.44055516666666666,,-0.4606828333333333,-0.4441225,,-0.497923,-0.43918500000000005,,-0.466384,-0.4441225,,0.261625,0.24532083333333335,,0.24097833333333332,0.26010049999999996,,0.261625,0.243756,,0.242338,0.26010049999999996,
B-6,2016,,,,0.561824,,,,,,0.561824,,,,,,0.242745,,,,,,0.242745,,,,,,0.439994,,,,,,0.439994,,,,,,1.866871,,,,,,1.866871,,,,,,0.263425,,,,,,0.263425,,,,,,0.327983,,,,,,0.327983,,,,,,-0.439994,,,,,,-0.439994,,,,,,0.237947,,,,,,0.237947,,
B-6,2017,,0.484876,0.477545,,,,,0.484876,0.477545,,,,,0.231523,0.232554,,,,,0.231523,0.232554,,,,,0.415009,0.405308,,,,,0.415009,0.405308,,,,,1.595953,1.722978,,,,,1.595953,1.722978,,,,,0.234031,0.228455,,,,,0.234031,0.228455,,,,,0.301053,0.294207,,,,,0.301053,0.294207,,,,,-0.415009,-0.405308,,,,,-0.415009,-0.405308,,,,,0.225912,0.224406,,,,,0.225912,0.224406,,,
B-6,2018,,0.621372,0.604803,0.660927,,0.838722,,0.621372,0.604803,0.660927,,0.838722,,0.270524,0.2834415,0.278143,,0.278769,,0.270524,0.2834415,0.278143,,0.278769,,0.451127,0.4470255,0.47563,,0.532224,,0.451127,0.4470255,0.47563,,0.532224,,1.952029,2.0304615000000004,2.056693,,2.745408,,1.952029,2.0304615000000004,2.056693,,2.745408,,0.27093,0.266859,0.284852,,0.333643,,0.27093,0.266859,0.284852,,0.333643,,0.352507,0.351824,0.373815,,0.433501,,0.352507,0.351824,0.373815,,0.433501,,-0.451127,-0.4470255,-0.47563,,-0.532224,,-0.451127,-0.4470255,-0.47563,,-0.532224,,0.256831,0.267349,0.26681,,0.281649,,0.256831,0.267349,0.26681,,0.281649
B-6,2019,,0.5656905714285714,0.5575535,0.59073725,,,,0.56575,0.5575535,0.574508,,,,0.2527337142857143,0.250423,0.2573185,,,,0.254084,0.250423,0.25340850000000004,,,,0.4319705714285714,0.411682,0.45906199999999997,,,,0.441106,0.411682,0.456891,,,,1.7611112857142857,2.279846,1.8654950000000001,,,,1.741298,2.279846,1.85219,,,,0.2621252857142857,0.24987700000000002,0.27102625,,,,0.26334,0.24987700000000002,0.2654455,,,,0.33220842857142857,0.32143,0.354825,,,,0.341144,0.32143,0.349461,,,,-0.4319705714285714,-0.411682,-0.45906199999999997,,,,-0.441106,-0.411682,-0.456891,,,,0.24324985714285716,0.23522549999999998,0.253778,,,,0.247322,0.23522549999999998,0.24967899999999998,,
B-6,2020,0.622732,0.5933409090909091,0.568149,0.5993202,0.5633585,0.636692,0.622732,0.600721,0.571216,0.611175,0.5633585,0.636692,0.270207,0.25800209090909093,0.26486499999999996,0.25189079999999997,0.25178049999999996,0.259295,0.270207,0.255769,0.26365,0.245804,0.25178049999999996,0.259295,0.466574,0.4427017272727273,0.4383396666666666,0.4592258,0.43365149999999997,0.491999,0.466574,0.443676,0.445878,0.465796,0.43365149999999997,0.491999,2.051577,1.87077,1.9505086666666667,2.0273464,2.1089469999999997,1.967359,2.051577,1.861422,2.0204,1.909288,2.1089469999999997,1.967359,0.277078,0.27005754545454547,0.25726866666666665,0.2753002,0.2525195,0.285787,0.277078,0.272667,0.258932,0.278641,0.2525195,0.285787,0.367995,0.3423702727272727,0.3367043333333333,0.35315759999999996,0.340546,0.379629,0.367995,0.344149,0.34104,0.358309,0.340546,0.379629,-0.466574,-0.4427017272727273,-0.4383396666666666,-0.4592258,-0.43365149999999997,-0.491999,-0.466574,-0.443676,-0.445878,-0.465796,-0.43365149999999997,-0.491999,0.266085,0.25136745454545456,0.257356,0.24940120000000002,0.242068,0.267875,0.266085,0.254013,0.260298,0.251293,0.242068,0.267875
B-6,2021,,0.5979023846153846,0.5753671666666667,0.7218233333333334,0.594033,0.283133,,0.602947,0.5693535000000001,0.704843,0.594033,0.283133,,0.2581100769230769,0.274459,0.26867233333333335,0.287922,0.192009,,0.261129,0.276797,0.266302,0.287922,0.192009,,0.44372476923076926,0.44323633333333334,0.5016786666666667,0.462657,0.260668,,0.450063,0.439589,0.491778,0.462657,0.260668,,2.0612041538461536,1.9209031666666665,2.7730036666666664,1.99181,-0.976937,,2.04122,1.872227,2.416667,1.99181,-0.976937,,0.2662383846153846,0.25937933333333335,0.3020656666666666,0.265166,0.139763,,0.270119,0.258152,0.29682,0.265166,0.139763,,0.3400658461538462,0.34361983333333335,0.38700833333333334,0.36148,0.189364,,0.343909,0.34384950000000003,0.377492,0.36148,0.189364,,-0.44372476923076926,-0.44323633333333334,-0.5016786666666667,-0.462657,-0.260668,,-0.450063,-0.439589,-0.491778,-0.462657,-0.260668,,0.25115384615384617,0.2619085,0.26943466666666666,0.28285,0.15126,,0.25026,0.26236950000000003,0.264513,0.28285,0.15126
B-6,2022,0.675715,0.667602875,0.619708,0.7451011666666667,0.566356,0.8203,0.675715,0.6735485,0.619708,0.7180605,0.566356,0.8203,0.277539,0.285277375,0.296836,0.28387766666666664,0.283059,0.285549,0.277539,0.28125,0.296836,0.2804485,0.283059,0.285549,0.501566,0.44053074999999997,0.427367,0.475603,0.428483,0.525824,0.501566,0.4449745,0.427367,0.4676165,0.428483,0.525824,2.389992,2.326047125,2.205727,2.5215883333333333,2.000314,2.08039,2.389992,2.3211275000000002,2.205727,2.524701,2.000314,2.08039,0.291409,0.27912425,0.262312,0.2986743333333333,0.252984,0.328937,0.291409,0.28287850000000003,0.262312,0.2931125,0.252984,0.328937,0.390063,0.359946125,0.352856,0.39131833333333327,0.349382,0.414128,0.390063,0.363652,0.352856,0.38656199999999996,0.349382,0.414128,-0.501566,-0.44053074999999997,-0.427367,-0.475603,-0.428483,-0.525824,-0.501566,-0.4449745,-0.427367,-0.4676165,-0.428483,-0.525824,0.281423,0.2636155,0.267679,0.2706836666666667,0.265006,0.285841,0.281423,0.2657195,0.267679,0.2649785,0.265006,0.285841
B-6,2023,,0.6310277,0.6225286,0.6672516666666667,0.6162236666666666,,,0.632,0.6107,0.6565259999999999,0.606325,,,0.2747106,0.2935208,0.2680981666666667,0.2987976666666667,,,0.2819505,0.291615,0.265331,0.298803,,,0.45599239999999996,0.45055259999999997,0.48055733333333334,0.45275366666666667,,,0.4511235,0.452734,0.4726725,0.451233,,,1.9156273,1.9671232,1.8904226666666666,2.1635306666666665,,,1.9430265000000002,1.985046,1.8930829999999998,2.109846,,,0.2726807,0.2684848,0.28638516666666664,0.26728466666666667,,,0.272111,0.263409,0.2824105,0.264645,,,0.3672045,0.3672438,0.38594083333333334,0.3695353333333333,,,0.3666615,0.370334,0.38172649999999997,0.36733,,,-0.45599239999999996,-0.45055259999999997,-0.48055733333333334,-0.45275366666666667,,,-0.4511235,-0.452734,-0.4726725,-0.451233,,,0.2647043,0.27583,0.26557016666666666,0.27691133333333334,,,0.26794399999999996,0.278918,0.2608905,0.277658,
B-6,2024,0.738497,0.6256165,,0.6417471666666666,0.6177969999999999,,0.738497,0.612493,,0.6404985000000001,0.6177969999999999,,0.284239,0.272128,,0.25732516666666666,0.295794,,0.284239,0.27197150000000003,,0.258367,0.295794,,0.493289,0.44666849999999997,,0.46236683333333334,0.450755,,0.493289,0.44428,,0.4670645,0.450755,,2.481952,1.7958163333333335,,1.8681386666666668,1.9996070000000001,,2.481952,1.815125,,1.835933,1.9996070000000001,,0.303305,0.27361183333333333,,0.28009433333333333,0.271978,,0.303305,0.2682635,,0.28245600000000004,0.271978,,0.410304,0.362542,,0.37483700000000003,0.370901,,0.410304,0.3576045,,0.38112,0.370901,,-0.493289,-0.44666849999999997,,-0.46236683333333334,-0.450755,,-0.493289,-0.44428,,-0.4670645,-0.450755,,0.271301,0.25905266666666665,,0.2517225,0.2749765,,0.271301,0.2567345,,0.2521985,0.2749765,
B-7,2016,,,,0.570545,,,,,,0.570545,,,,,,0.238984,,,,,,0.238984,,,,,,0.440648,,,,,,0.440648,,,,,,1.894861,,,,,,1.894861,,,,,,0.265137,,,,,,0.265137,,,,,,0.328354,,,,,,0.328354,,,,,,-0.440648,,,,,,-0.440648,,,,,,0.235634,,,,,,0.235634,,
B-7,2017,,0.561505,0.526775,,,,,0.561505,0.526775,,,,,0.243053,0.238612,,,,,0.243053,0.238612,,,,,0.437974,0.421317,,,,,0.437974,0.421317,,,,,1.814984,1.888656,,,,,1.814984,1.888656,,,,,0.257388,0.24359,,,,,0.257388,0.24359,,,,,0.327302,0.311269,,,,,0.327302,0.311269,,,,,-0.437974,-0.421317,,,,,-0.437974,-0.421317,,,,,0.238994,0.232091,,,,,0.238994,0.232091,,,
B-7,2018,,0.650976,0.6771229999999999,0.60978,,0.879604,,0.650976,0.6771229999999999,0.60978,,0.879604,,0.277908,0.29817000000000005,0.264793,,0.271314,,0.277908,0.29817000000000005,0.264793,,0.271314,,0.472283,0.4709025,0.477995,,0.536847,,0.472283,0.4709025,0.477995,,0.536847,,1.9773,2.1316509999999997,2.061424,,3.069817,,1.9773,2.1316509999999997,2.061424,,3.069817,,0.281323,0.2896905,0.273789,,0.343804,,0.281323,0.2896905,0.273789,,0.343804,,0.370239,0.380057,0.359816,,0.436945,,0.370239,0.380057,0.359816,,0.436945,,-0.472283,-0.4709025,-0.477995,,-0.536847,,-0.472283,-0.4709025,-0.477995,,-0.536847,,0.268268,0.284182,0.259479,,0.275732,,0.268268,0.284182,0.259479,,0.275732
B-7,2019,,0.6059741428571428,0.5967475,0.6186860000000001,,,,0.61275,0.5967475,0.601729,,,,0.2524604285714286,0.270331,0.2462275,,,,0.251929,0.270331,0.2433835,,,,0.4440378571428571,0.43311849999999996,0.46620425,,,,0.453695,0.43311849999999996,0.4664165,,,,1.9072052857142856,2.034394,1.79312925,,,,1.909451,2.034394,1.9387495000000001,,,,0.27430757142857143,0.266174,0.27772875,,,,0.276416,0.266174,0.27460249999999997,,,,0.34476614285714285,0.338123,0.35831625,,,,0.354179,0.338123,0.35568750000000005,,,,-0.4440378571428571,-0.43311849999999996,-0.46620425,,,,-0.453695,-0.43311849999999996,-0.4664165,,,,0.24524085714285718,0.2546075,0.24654375,,,,0.249508,0.2546075,0.2456125,,
B-7,2020,0.634466,0.578150909090909,0.5609073333333333,0.569529,0.539172,0.679289,0.634466,0.574772,0.556583,0.582085,0.539172,0.679289,0.263816,0.24425872727272727,0.25659966666666667,0.2318896,0.224131,0.253368,0.263816,0.243892,0.254095,0.231491,0.224131,0.253368,0.463164,0.44300772727272725,0.44810066666666665,0.4541614,0.43210649999999995,0.500533,0.463164,0.444546,0.454566,0.463989,0.43210649999999995,0.500533,2.135036,1.959001818181818,1.8431893333333331,1.8158542,2.032571,1.996486,2.135036,1.857151,1.850914,1.858921,2.032571,1.996486,0.27731,0.26712345454545455,0.2592763333333333,0.267026,0.249976,0.29629,0.27731,0.267858,0.257939,0.272043,0.249976,0.29629,0.365051,0.3363662727272727,0.338528,0.3402188,0.32857749999999997,0.388524,0.365051,0.333137,0.3409,0.345983,0.32857749999999997,0.388524,-0.463164,-0.44300772727272725,-0.44810066666666665,-0.4541614,-0.43210649999999995,-0.500533,-0.463164,-0.444546,-0.454566,-0.463989,-0.43210649999999995,-0.500533,0.25982,0.2413387272727273,0.253785,0.23320059999999998,0.22148250000000003,0.262115,0.25982,0.240956,0.25541,0.234536,0.22148250000000003,0.262115
B-7,2021,,0.5889493846153846,0.5849098333333334,0.721873,0.58265,0.379842,,0.590803,0.591553,0.713405,0.58265,0.379842,,0.24908961538461538,0.2777908333333333,0.257795,0.280955,0.215484,,0.252026,0.276283,0.259208,0.280955,0.215484,,0.44507615384615384,0.45483499999999993,0.5087623333333333,0.470362,0.320268,,0.451573,0.455406,0.50106,0.470362,0.320268,,2.002622538461538,1.9266178333333333,4.531566,1.893246,3.427291,,2.016457,1.9275574999999998,2.303343,1.893246,3.427291,,0.2652121538461538,0.26490433333333335,0.30261166666666667,0.26588,0.179536,,0.26891,0.266933,0.298976,0.26588,0.179536,,0.337493,0.3514851666666667,0.3868576666666667,0.361458,0.257513,,0.343608,0.352274,0.379496,0.361458,0.257513,,-0.44507615384615384,-0.45483499999999993,-0.5087623333333333,-0.470362,-0.320268,,-0.451573,-0.455406,-0.50106,-0.470362,-0.320268,,0.24467207692307694,0.2678275,0.26232866666666665,0.280094,0.168558,,0.246665,0.26857450000000005,0.258675,0.280094,0.168558
B-7,2022,0.696373,0.654022375,0.607461,0.7642103333333333,0.60169,0.655254,0.696373,0.6684939999999999,0.607461,0.7443744999999999,0.60169,0.655254,0.273563,0.26635912500000003,0.278063,0.27049483333333335,0.275958,0.246515,0.273563,0.264442,0.278063,0.269286,0.275958,0.246515,0.506869,0.467563,0.453153,0.5280245,0.477639,0.480257,0.506869,0.4728215,0.453153,0.5178735,0.477639,0.480257,2.307324,2.098654,1.932552,2.3559064999999997,1.85857,2.800053,2.307324,2.1164825,1.932552,2.1967055,1.85857,2.800053,0.298177,0.2833535,0.265923,0.31527299999999997,0.271886,0.282905,0.298177,0.2868855,0.265923,0.31133900000000003,0.271886,0.282905,0.39752,0.364335625,0.356664,0.41141883333333334,0.375025,0.361152,0.39752,0.3667085,0.356664,0.4054915,0.375025,0.361152,-0.506869,-0.467563,-0.453153,-0.5280245,-0.477639,-0.480257,-0.506869,-0.4728215,-0.453153,-0.5178735,-0.477639,-0.480257,0.279917,0.26022575,0.265182,0.27702033333333337,0.277419,0.249413,0.279917,0.2620725,0.265182,0.27187950000000005,0.277419,0.249413
B-7,2023,,0.6386958,0.6380245999999999,0.6954368333333334,0.6173133333333333,,,0.627661,0.616439,0.6845,0.61942,,,0.2637213,0.2888042,0.2576771666666667,0.28684933333333335,,,0.2678295,0.283495,0.256155,0.28652,,,0.47590190000000004,0.4730206,0.5090979999999999,0.4739676666666666,,,0.4668685,0.468772,0.49728649999999996,0.472977,,,1.8270336,1.76790725,1.7810862,2.0435906666666663,,,1.8736125000000001,1.8218355,1.776834,1.959533,,,0.2790612,0.277318,0.2986533333333334,0.27328066666666667,,,0.27584600000000004,0.270659,0.295284,0.271925,,,0.3746838,0.38275420000000004,0.39878583333333334,0.3789563333333333,,,0.3687325,0.377766,0.393108,0.380911,,,-0.47590190000000004,-0.4730206,-0.5090979999999999,-0.4739676666666666,,,-0.4668685,-0.468772,-0.49728649999999996,-0.472977,,,0.2622642,0.27949959999999996,0.2643735,0.2757596666666667,,,0.26270550000000004,0.279093,0.2595065,0.27653,
B-7,2024,0.7396,0.6309049999999999,,0.6631311666666667,0.6113065,,0.7396,0.6102395,,0.6628495000000001,0.6113065,,0.2668,0.2588721666666667,,0.24667150000000002,0.27659500000000004,,0.2668,0.259648,,0.24569799999999997,0.27659500000000004,,0.508366,0.4618341666666667,,0.484149,0.45917549999999996,,0.508366,0.460214,,0.4888825,0.45917549999999996,,2.382342,1.8194426666666665,,1.9933076666666667,1.983025,,2.382342,1.82693,,1.9589205,1.983025,,0.308719,0.278568,,0.2901413333333333,0.2728585,,0.308719,0.2740325,,0.292311,0.2728585,,0.415179,0.3658136666666667,,0.383459,0.367095,,0.415179,0.36243250000000005,,0.39083,0.367095,,-0.508366,-0.4618341666666667,,-0.484149,-0.45917549999999996,,-0.508366,-0.460214,,-0.4888825,-0.45917549999999996,,0.26226,0.25413883333333337,,0.24860116666666665,0.2647615,,0.26226,0.25310750000000004,,0.249547,0.2647615,
B-8,2016,,,,0.592268,,,,,,0.592268,,,,,,0.250056,,,,,,0.250056,,,,,,0.453547,,,,,,0.453547,,,,,,1.89114,,,,,,1.89114,,,,,,0.274876,,,,,,0.274876,,,,,,0.340982,,,,,,0.340982,,,,,,-0.453547,,,,,,-0.453547,,,,,,0.246107,,,,,,0.246107,,
B-8,2017,,0.490226,0.475396,,,,,0.490226,0.475396,,,,,0.234323,0.232229,,,,,0.234323,0.232229,,,,,0.426975,0.413657,,,,,0.426975,0.413657,,,,,1.576609,1.718801,,,,,1.576609,1.718801,,,,,0.241208,0.231921,,,,,0.241208,0.231921,,,,,0.309294,0.296564,,,,,0.309294,0.296564,,,,,-0.426975,-0.413657,,,,,-0.426975,-0.413657,,,,,0.230794,0.225538,,,,,0.230794,0.225538,,,
B-8,2018,,0.627074,0.5982845,0.641521,,0.826946,,0.627074,0.5982845,0.641521,,0.826946,,0.271818,0.27847449999999996,0.268682,,0.272902,,0.271818,0.27847449999999996,0.268682,,0.272902,,0.463004,0.4541245,0.481412,,0.535428,,0.463004,0.4541245,0.481412,,0.535428,,1.923518,2.0160815,2.000708,,2.739264,,1.923518,2.0160815,2.000708,,2.739264,,0.275868,0.2697675,0.283678,,0.336148,,0.275868,0.2697675,0.283678,,0.336148,,0.359963,0.352798,0.369603,,0.431194,,0.359963,0.352798,0.369603,,0.431194,,-0.463004,-0.4541245,-0.481412,,-0.535428,,-0.463004,-0.4541245,-0.481412,,-0.535428,,0.260247,0.265878,0.261237,,0.277943,,0.260247,0.265878,0.261237,,0.277943
B-8,2019,,0.5956871428571429,0.565134,0.64742075,,,,0.593155,0.565134,0.6323435,,,,0.25380199999999997,0.262818,0.25971125,,,,0.253703,0.262818,0.25426550000000003,,,,0.449313,0.4285935,0.48513725,,,,0.463242,0.4285935,0.4793955,,,,1.8354554285714286,1.8969805,1.9874095,,,,1.840473,1.8969805,2.016047,,,,0.27539042857142854,0.25943499999999997,0.29164225,,,,0.278267,0.25943499999999997,0.2866805,,,,0.34496614285714283,0.32939050000000003,0.37525375,,,,0.353273,0.32939050000000003,0.3656485,,,,-0.449313,-0.4285935,-0.48513725,,,,-0.463242,-0.4285935,-0.4793955,,,,0.24702385714285713,0.248257,0.2600525,,,,0.249874,0.248257,0.25436800000000004,,
B-8,2020,0.649046,0.6311074545454546,0.5893666666666667,0.6243508,0.5661754999999999,0.582567,0.649046,0.631735,0.593793,0.635803,0.5661754999999999,0.582567,0.269316,0.2577879090909091,0.26625133333333334,0.24856620000000001,0.2360985,0.243198,0.269316,0.258278,0.265661,0.241313,0.2360985,0.243198,0.479057,0.4639380909090909,0.45781866666666665,0.48055159999999997,0.4388805,0.467655,0.479057,0.46903,0.469294,0.486699,0.4388805,0.467655,2.078293,1.8605197272727274,1.8726286666666667,1.8910892000000001,2.0604005,2.126931,2.078293,1.844372,1.873601,1.88691,2.0604005,2.126931,0.287031,0.28604036363636365,0.2678103333333333,0.28823,0.256561,0.273243,0.287031,0.286986,0.270424,0.290565,0.256561,0.273243,0.378053,0.36096381818181816,0.35163166666666673,0.3667492,0.342789,0.355186,0.378053,0.360084,0.358137,0.373159,0.342789,0.355186,-0.479057,-0.4639380909090909,-0.45781866666666665,-0.48055159999999997,-0.4388805,-0.467655,-0.479057,-0.46903,-0.469294,-0.486699,-0.4388805,-0.467655,0.267568,0.254931,0.26305266666666666,0.25040260000000003,0.2306715,0.248213,0.267568,0.259571,0.26732,0.251412,0.2306715,0.248213
B-8,2021,,0.6145791538461538,0.5823278333333334,0.7790333333333334,0.583237,0.140575,,0.628632,0.5731729999999999,0.778628,0.583237,0.140575,,0.256093,0.27486000000000005,0.270015,0.280374,0.218373,,0.256423,0.27509700000000004,0.267025,0.280374,0.218373,,0.4552003076923077,0.45860066666666666,0.5248936666666667,0.476527,0.143088,,0.464613,0.45650349999999995,0.51937,0.476527,0.143088,,2.0585646923076926,1.924956,2.5151660000000002,1.87675,0.830541,,2.079102,1.9097564999999999,2.405985,1.87675,0.830541,,0.275663,0.26678616666666666,0.3215406666666667,0.268529,0.072473,,0.284387,0.264275,0.321788,0.268529,0.072473,,0.35054453846153844,0.3524635,0.40757333333333334,0.363949,0.127234,,0.357071,0.3508785,0.402487,0.363949,0.127234,,-0.4552003076923077,-0.45860066666666666,-0.5248936666666667,-0.476527,-0.143088,,-0.464613,-0.45650349999999995,-0.51937,-0.476527,-0.143088,,0.25170584615384617,0.2660626666666666,0.27388300000000004,0.279866,0.106109,,0.253867,0.267378,0.271522,0.279866,0.106109
B-8,2022,0.738637,0.684308375,0.645334,0.7842061666666668,0.580042,0.788663,0.738637,0.6993285,0.645334,0.749565,0.580042,0.788663,0.283713,0.282551375,0.296721,0.29027583333333334,0.278076,0.267785,0.283713,0.2788535,0.296721,0.2870665,0.278076,0.267785,0.514996,0.44943825,0.439508,0.49838466666666664,0.43651,0.506907,0.514996,0.45688300000000004,0.439508,0.48300200000000004,0.43651,0.506907,2.492629,2.380443375,2.26889,2.660193833333333,2.08778,2.875733,2.492629,2.3578465,2.26889,2.478217,2.08778,2.875733,0.310038,0.287801625,0.272501,0.3155968333333333,0.260756,0.321154,0.310038,0.29206699999999997,0.272501,0.306476,0.260756,0.321154,0.409611,0.366631,0.362304,0.4061761666666666,0.3547,0.39734,0.409611,0.3715175,0.362304,0.3966785,0.3547,0.39734,-0.514996,-0.44943825,-0.439508,-0.49838466666666664,-0.43651,-0.506907,-0.514996,-0.45688300000000004,-0.439508,-0.48300200000000004,-0.43651,-0.506907,0.288471,0.2635075,0.270693,0.2804515,0.264287,0.26889,0.288471,0.265749,0.270693,0.275673,0.264287,0.26889
B-8,2023,,0.7191929,0.6969052,0.7648706666666666,0.6604610000000001,,,0.7237885,0.676123,0.7536005,0.660598,,,0.2883883,0.308484,0.27918166666666666,0.3050756666666667,,,0.293578,0.302933,0.276684,0.307054,,,0.4845662,0.4768172,0.511568,0.472046,,,0.4819595,0.47185,0.5015965,0.472806,,,2.1112969,2.1177984000000003,2.1476003333333336,2.271421333333333,,,2.122974,2.129379,2.1344845,2.166772,,,0.3005016,0.292412,0.31606616666666665,0.28462533333333334,,,0.301539,0.287075,0.3119155,0.283485,,,0.3962539,0.3954012,0.41540933333333335,0.38685966666666666,,,0.3958695,0.390732,0.41011450000000005,0.387959,,,-0.4845662,-0.4768172,-0.511568,-0.472046,,,-0.4819595,-0.47185,-0.5015965,-0.472806,,,0.2800784,0.2918868,0.27941916666666666,0.28559466666666666,,,0.28371349999999995,0.29049,0.27427650000000003,0.287257,
B-8,2024,0.808777,0.6948335,,0.7132056666666666,0.6871240000000001,,0.808777,0.6772545000000001,,0.7140475,0.6871240000000001,,0.288859,0.28157333333333334,,0.2618861666666667,0.303915,,0.288859,0.280483,,0.262595,0.303915,,0.513821,0.47226166666666664,,0.48825566666666664,0.47174099999999997,,0.513821,0.46963,,0.4917535,0.47174099999999997,,2.691933,1.9423051666666666,,2.1015948333333334,2.2235255,,2.691933,1.945861,,2.0360785,2.2235255,,0.324762,0.2973493333333333,,0.30479216666666664,0.2955425,,0.324762,0.2916805,,0.307921,0.2955425,,0.430781,0.3895848333333333,,0.3998705,0.392223,,0.430781,0.384832,,0.40614,0.392223,,-0.513821,-0.47226166666666664,,-0.48825566666666664,-0.47174099999999997,,-0.513821,-0.46963,,-0.4917535,-0.47174099999999997,,0.277136,0.27104516666666667,,0.2592245,0.284521,,0.277136,0.269269,,0.259255,0.284521,
C-10,2016,,,,0.565272,,,,,,0.565272,,,,,,0.245144,,,,,,0.245144,,,,,,0.44872,,,,,,0.44872,,,,,,1.802732,,,,,,1.802732,,,,,,0.264748,,,,,,0.264748,,,,,,0.334635,,,,,,0.334635,,,,,,-0.44872,,,,,,-0.44872,,,,,,0.241424,,,,,,0.241424,,
C-10,2017,,0.478235,0.470793,,,,,0.478235,0.470793,,,,,0.227155,0.22802,,,,,0.227155,0.22802,,,,,0.424876,0.411092,,,,,0.424876,0.411092,,,,,1.346867,1.486476,,,,,1.346867,1.486476,,,,,0.23507,0.22681,,,,,0.23507,0.22681,,,,,0.302717,0.293316,,,,,0.302717,0.293316,,,,,-0.424876,-0.411092,,,,,-0.424876,-0.411092,,,,,0.224775,0.222468,,,,,0.224775,0.222468,,,
C-10,2018,,0.623156,0.5874535,0.636295,,0.95081,,0.623156,0.5874535,0.636295,,0.95081,,0.274756,0.281995,0.272914,,0.297009,,0.274756,0.281995,0.272914,,0.297009,,0.460728,0.44923250000000003,0.479184,,0.559052,,0.460728,0.44923250000000003,0.479184,,0.559052,,1.946359,2.0775805,2.266659,,2.223714,,1.946359,2.0775805,2.266659,,2.223714,,0.272809,0.264533,0.280349,,0.358367,,0.272809,0.264533,0.280349,,0.358367,,0.359208,0.349742,0.371173,,0.46816,,0.359208,0.349742,0.371173,,0.46816,,-0.460728,-0.44923250000000003,-0.479184,,-0.559052,,-0.460728,-0.44923250000000003,-0.479184,,-0.559052,,0.262556,0.267645,0.264231,,0.299625,,0.262556,0.267645,0.264231,,0.299625
C-10,2019,,0.5659908571428571,0.554621,0.61043075,,,,0.558058,0.554621,0.595237,,,,0.2530684285714286,0.26524749999999997,0.25867175,,,,0.255512,0.26524749999999997,0.253714,,,,0.4418195714285714,0.4242035,0.4775245,,,,0.453425,0.4242035,0.47004049999999997,,,,1.8190579999999998,1.9266685,1.76772975,,,,1.793208,1.9266685,1.8399,,,,0.2648567142857143,0.2548285,0.27933575,,,,0.265661,0.2548285,0.27470799999999995,,,,0.3373541428571429,0.32519149999999997,0.36649075,,,,0.341168,0.32519149999999997,0.35743,,,,-0.4418195714285714,-0.4242035,-0.4775245,,,,-0.453425,-0.4242035,-0.47004049999999997,,,,0.24554814285714285,0.249394,0.25846425,,,,0.246231,0.249394,0.2518875,,
C-10,2020,0.620865,0.5876449090909092,0.5404966666666667,0.5820058,0.53057,0.601181,0.620865,0.5866,0.549236,0.595113,0.53057,0.601181,0.269213,0.2542378181818182,0.25515,0.241568,0.25960649999999996,0.252026,0.269213,0.254466,0.254547,0.234578,0.25960649999999996,0.252026,0.47341,0.4557406363636364,0.4459763333333333,0.4668506,0.44127,0.481751,0.47341,0.46058,0.457391,0.47412,0.44127,0.481751,1.425732,1.7596087272727272,1.8095183333333333,1.9915946000000002,1.7852565,2.054176,1.425732,1.780852,1.826159,1.846455,1.7852565,2.054176,0.280405,0.27149945454545454,0.25274233333333335,0.272497,0.249068,0.278538,0.280405,0.269927,0.257143,0.275062,0.249068,0.278538,0.370947,0.34686181818181816,0.3347183333333333,0.35106000000000004,0.33473200000000003,0.37026,0.370947,0.345603,0.340933,0.357809,0.33473200000000003,0.37026,-0.47341,-0.4557406363636364,-0.4459763333333333,-0.4668506,-0.44127,-0.481751,-0.47341,-0.46058,-0.457391,-0.47412,-0.44127,-0.481751,0.266732,0.25161636363636364,0.25272533333333336,0.2431794,0.2524775,0.258419,0.266732,0.252842,0.256547,0.24441,0.2524775,0.258419
C-10,2021,,0.595276923076923,0.5676345,0.7134453333333334,0.581805,0.672988,,0.600467,0.5576785,0.712134,0.581805,0.672988,,0.25048438461538464,0.2748078333333333,0.2593906666666667,0.284526,0.26848,,0.254874,0.270919,0.257834,0.284526,0.26848,,0.4496224615384615,0.454272,0.507043,0.475031,0.488601,,0.453924,0.451971,0.502051,0.475031,0.488601,,1.9141915,1.8191361666666666,1.7072705,1.877379,2.713004,,2.015715,1.8290615,1.7072705,1.877379,2.713004,,0.26702253846153845,0.25849283333333334,0.300431,0.263924,0.29311,,0.269717,0.2559205,0.300054,0.263924,0.29311,,0.34217138461538465,0.34885066666666664,0.38803533333333334,0.365891,0.379714,,0.344261,0.347426,0.384199,0.365891,0.379714,,-0.4496224615384615,-0.454272,-0.507043,-0.475031,-0.488601,,-0.453924,-0.451971,-0.502051,-0.475031,-0.488601,,0.24683984615384616,0.265901,0.2631886666666667,0.284369,0.261976,,0.24856,0.264591,0.262531,0.284369,0.261976
C-10,2022,0.675316,0.632186625,0.586104,0.7024326666666667,0.524132,0.668585,0.675316,0.649656,0.586104,0.6875315,0.524132,0.668585,0.273363,0.2659455,0.279597,0.2677836666666667,0.25903,0.252411,0.273363,0.26363899999999996,0.279597,0.270895,0.25903,0.252411,0.497978,0.444794625,0.433018,0.4838058333333333,0.428612,0.478471,0.497978,0.4505755,0.433018,0.4769265,0.428612,0.478471,2.204609,2.1985055,2.160326,2.1874302,1.822747,1.910162,2.204609,2.254639,2.160326,2.099181,1.822747,1.910162,0.288412,0.270444125,0.254474,0.29123150000000003,0.240489,0.286885,0.288412,0.2733975,0.254474,0.2881145,0.240489,0.286885,0.392067,0.352570375,0.344545,0.38291416666666667,0.334406,0.36604,0.392067,0.357197,0.344545,0.382026,0.334406,0.36604,-0.497978,-0.444794625,-0.433018,-0.4838058333333333,-0.428612,-0.478471,-0.497978,-0.4505755,-0.433018,-0.4769265,-0.428612,-0.478471,0.278094,0.25321825,0.259962,0.26252183333333334,0.251148,0.251831,0.278094,0.2551955,0.259962,0.2548265,0.251148,0.251831
C-10,2023,,0.6916991,0.6712232,0.7359105,0.6272283333333334,,,0.6973775,0.642049,0.7241205,0.622353,,,0.278458,0.2991368,0.26829733333333333,0.29474833333333333,,,0.2834045,0.294553,0.26602950000000003,0.297564,,,0.47988980000000003,0.4702216,0.5077753333333334,0.46700366666666665,,,0.4775185,0.461447,0.5001555,0.466526,,,1.9878936,2.25282,2.165874,2.1107513333333334,,,2.064689,2.112568,2.1400635,2.017862,,,0.28960379999999997,0.2815078,0.30454866666666663,0.27211233333333334,,,0.2880125,0.273409,0.30103349999999995,0.270765,,,0.3864012,0.3850622,0.40520266666666666,0.37690433333333334,,,0.385856,0.377724,0.401636,0.37784,,,-0.47988980000000003,-0.4702216,-0.5077753333333334,-0.46700366666666665,,,-0.4775185,-0.461447,-0.5001555,-0.466526,,,0.2727715,0.2852282,0.2714921666666667,0.27845533333333333,,,0.2767945,0.28225,0.26726150000000004,0.281095,
C-10,2024,0.792153,0.7081568333333333,,0.7320176666666667,0.6635445,,0.792153,0.6799145,,0.7321005,0.6635445,,0.279799,0.27939916666666664,,0.25790966666666665,0.295783,,0.279799,0.277826,,0.25873199999999996,0.295783,,0.512495,0.47716166666666665,,0.49389900000000003,0.4694555,,0.512495,0.47469249999999996,,0.49784649999999997,0.4694555,,2.458751,2.0160346666666666,,2.1003271666666667,2.0817544999999997,,2.458751,1.9432530000000001,,2.055222,2.0817544999999997,,0.318485,0.2957551666666667,,0.3048653333333333,0.2853295,,0.318485,0.2893965,,0.30783150000000004,0.2853295,,0.426778,0.3919531666666667,,0.4020055,0.3864865,,0.426778,0.38771849999999997,,0.4076995,0.3864865,,-0.512495,-0.47716166666666665,,-0.49389900000000003,-0.4694555,,-0.512495,-0.47469249999999996,,-0.49784649999999997,-0.4694555,,0.271238,0.27116816666666665,,0.2576565,0.279277,,0.271238,0.269302,,0.2572715,0.279277,
C-11,2016,,,,0.739171,,,,,,0.739171,,,,,,0.279984,,,,,,0.279984,,,,,,0.487676,,,,,,0.487676,,,,,,2.304695,,,,,,2.304695,,,,,,0.311112,,,,,,0.311112,,,,,,0.389482,,,,,,0.389482,,,,,,-0.487676,,,,,,-0.487676,,,,,,0.273139,,,,,,0.273139,,
C-11,2017,,0.619134,0.617726,,,,,0.619134,0.617726,,,,,0.257878,0.262193,,,,,0.257878,0.262193,,,,,0.455623,0.447376,,,,,0.455623,0.447376,,,,,1.410688,2.13754,,,,,1.410688,2.13754,,,,,0.275349,0.271212,,,,,0.275349,0.271212,,,,,0.352294,0.345991,,,,,0.352294,0.345991,,,,,-0.455623,-0.447376,,,,,-0.455623,-0.447376,,,,,0.251971,0.252928,,,,,0.251971,0.252928,,,
C-11,2018,,0.698789,0.6757535,0.726814,,0.995212,,0.698789,0.6757535,0.726814,,0.995212,,0.287669,0.300725,0.289734,,0.291022,,0.287669,0.300725,0.289734,,0.291022,,0.47368,0.4698065,0.497042,,0.563318,,0.47368,0.4698065,0.497042,,0.563318,,2.16706,2.0482585,2.127131,,3.012224,,2.16706,2.0482585,2.127131,,3.012224,,0.291975,0.28795000000000004,0.303112,,0.369379,,0.291975,0.28795000000000004,0.303112,,0.369379,,0.382362,0.37970000000000004,0.400111,,0.475653,,0.382362,0.37970000000000004,0.400111,,0.475653,,-0.47368,-0.4698065,-0.497042,,-0.563318,,-0.47368,-0.4698065,-0.497042,,-0.563318,,0.273489,0.283993,0.278361,,0.294302,,0.273489,0.283993,0.278361,,0.294302
C-11,2019,,0.6605222857142857,0.6741055,0.67584025,,,,0.666058,0.6741055,0.65837,,,,0.2657404285714286,0.28896849999999996,0.2561175,,,,0.267435,0.28896849999999996,0.25547,,,,0.465095,0.465432,0.48908975,,,,0.474923,0.465432,0.48889000000000005,,,,1.99902,2.3429245,1.381859,,,,1.983847,2.3429245,1.560285,,,,0.28994385714285714,0.289446,0.29380675,,,,0.290295,0.289446,0.290303,,,,0.3671457142857143,0.37111400000000005,0.3784505,,,,0.374243,0.37111400000000005,0.376012,,,,-0.465095,-0.465432,-0.48908975,,,,-0.474923,-0.465432,-0.48889000000000005,,,,0.2585927142857143,0.2747615,0.25729525,,,,0.26139,0.2747615,0.2563935,,
C-11,2020,0.633918,0.6182763636363636,0.5619253333333334,0.6529461999999999,0.561156,0.757608,0.633918,0.619514,0.562883,0.658436,0.561156,0.757608,0.266414,0.24953536363636364,0.25522566666666663,0.24321099999999998,0.24706650000000002,0.256681,0.266414,0.252283,0.254478,0.240923,0.24706650000000002,0.256681,0.46319,0.45997727272727273,0.45719099999999996,0.47849240000000004,0.449882,0.535316,0.46319,0.463253,0.462252,0.488771,0.449882,0.535316,,1.9615384545454546,1.955285,2.2359283999999997,1.9169270000000003,2.362614,,1.814863,1.900167,2.089397,1.9169270000000003,2.362614,0.279396,0.27783654545454545,0.259315,0.288252,0.258177,0.318196,0.279396,0.277379,0.259197,0.292372,0.258177,0.318196,0.372048,0.352465,0.3449866666666666,0.3695376,0.345435,0.413246,0.372048,0.358542,0.348834,0.373292,0.345435,0.413246,-0.46319,-0.45997727272727273,-0.45719099999999996,-0.47849240000000004,-0.449882,-0.535316,-0.46319,-0.463253,-0.462252,-0.488771,-0.449882,-0.535316,0.2611,0.2480680909090909,0.2541616666666667,0.24553320000000003,0.2437605,0.271341,0.2611,0.250729,0.257711,0.243256,0.2437605,0.271341
C-11,2021,,0.6572297692307691,0.608103,0.8214756666666667,0.624067,0.765711,,0.655085,0.606894,0.799622,0.624067,0.765711,,0.25596992307692307,0.2777096666666667,0.2669183333333333,0.29438,0.255548,,0.258612,0.278067,0.268404,0.29438,0.255548,,0.4645154615384615,0.4622625,0.5303063333333333,0.488736,0.528416,,0.466404,0.460424,0.520656,0.488736,0.528416,,2.513475818181818,1.968002,2.771604,1.940627,3.342165,,2.122325,1.9741805000000001,2.850344,1.940627,3.342165,,0.28384915384615383,0.26919733333333334,0.3237663333333333,0.276867,0.319045,,0.284918,0.2682995,0.319004,0.276867,0.319045,,0.36027715384615383,0.35903233333333334,0.4139296666666667,0.381826,0.410578,,0.360185,0.3599415,0.405548,0.381826,0.410578,,-0.4645154615384615,-0.4622625,-0.5303063333333333,-0.488736,-0.528416,,-0.466404,-0.460424,-0.520656,-0.488736,-0.528416,,0.25213407692307693,0.26799766666666663,0.27074566666666666,0.293796,0.263368,,0.253061,0.267941,0.266912,0.293796,0.263368
C-11,2022,0.794939,0.6706635,0.651601,0.7811819999999999,0.646503,0.714895,0.794939,0.695084,0.651601,0.758102,0.646503,0.714895,0.291479,0.268619,0.288303,0.27040899999999995,0.281531,0.260079,0.291479,0.267144,0.288303,0.270119,0.281531,0.260079,0.533963,0.472205375,0.466568,0.5354171666666666,0.491441,0.480621,0.533963,0.48241900000000004,0.466568,0.5246474999999999,0.491441,0.480621,2.292052,2.0040395,2.231248,2.263301,2.213267,2.594926,2.292052,2.199592,2.231248,2.227787,2.213267,2.594926,0.321049,0.28568375,0.277066,0.31674566666666665,0.284376,0.297574,0.321049,0.292724,0.277066,0.312789,0.284376,0.297574,0.432724,0.3750435,0.374164,0.42410416666666667,0.390664,0.379817,0.432724,0.38307749999999996,0.374164,0.4190205,0.390664,0.379817,-0.533963,-0.472205375,-0.466568,-0.5354171666666666,-0.491441,-0.480621,-0.533963,-0.48241900000000004,-0.466568,-0.5246474999999999,-0.491441,-0.480621,0.297775,0.26216875,0.274044,0.27721633333333334,0.283456,0.254968,0.297775,0.26579949999999997,0.274044,0.2726135,0.283456,0.254968
C-11,2023,,0.6699352000000001,0.6684058,0.7384404999999999,0.686284,,,0.6631795,0.64334,0.728064,0.67542,,,0.2675327,0.2959958,0.26139666666666667,0.305989,,,0.2729865,0.299629,0.258494,0.307275,,,0.4877868,0.482665,0.522374,0.49715666666666664,,,0.4791415,0.471339,0.5105735,0.494764,,,1.8454414,1.957403,2.034687,2.0416433333333335,,,1.8634065,1.903762,2.1149,2.046006,,,0.2879616,0.2858248,0.3097533333333333,0.29327,,,0.285042,0.276869,0.3054165,0.288987,,,0.3890835,0.3983888,0.4157326666666667,0.411562,,,0.38438150000000004,0.383661,0.4093565,0.411182,,,-0.4877868,-0.482665,-0.522374,-0.49715666666666664,,,-0.4791415,-0.471339,-0.5105735,-0.494764,,,0.26590220000000003,0.2849906,0.2683845,0.292776,,,0.2670895,0.276685,0.263102,0.295178,
C-11,2024,0.803468,0.7078129999999999,,0.7408579999999999,0.661184,,0.803468,0.678925,,0.7435005,0.661184,,0.272638,0.268956,,0.2500023333333333,0.286701,,0.272638,0.2682145,,0.249022,0.286701,,0.523617,0.4820678333333333,,0.5029896666666667,0.4735735,,0.523617,0.4798535,,0.5087360000000001,0.4735735,,2.379713,2.169052166666667,,2.1775828333333336,2.2935615,,2.379713,2.086519,,2.1177409999999997,2.2935615,,0.324004,0.29795366666666667,,0.3100645,0.2858845,,0.324004,0.29211699999999996,,0.31372900000000004,0.2858845,,0.434492,0.39142883333333334,,0.40576666666666666,0.3872015,,0.434492,0.38765950000000005,,0.4148045,0.3872015,,-0.523617,-0.4820678333333333,,-0.5029896666666667,-0.4735735,,-0.523617,-0.4798535,,-0.5087360000000001,-0.4735735,,0.267701,0.2645415,,0.2528708333333333,0.2746065,,0.267701,0.264,,0.25407599999999997,0.2746065,
C-9,2016,,,,0.645265,,,,,,0.645265,,,,,,0.254664,,,,,,0.254664,,,,,,0.460807,,,,,,0.460807,,,,,,2.141124,,,,,,2.141124,,,,,,0.286236,,,,,,0.286236,,,,,,0.352432,,,,,,0.352432,,,,,,-0.460807,,,,,,-0.460807,,,,,,0.250762,,,,,,0.250762,,
C-9,2017,,0.588805,0.55653,,,,,0.588805,0.55653,,,,,0.247912,0.247328,,,,,0.247912,0.247328,,,,,0.447926,0.432031,,,,,0.447926,0.432031,,,,,1.953224,1.896097,,,,,1.953224,1.896097,,,,,0.266563,0.253614,,,,,0.266563,0.253614,,,,,0.337002,0.324244,,,,,0.337002,0.324244,,,,,-0.447926,-0.432031,,,,,-0.447926,-0.432031,,,,,0.244419,0.240507,,,,,0.244419,0.240507,,,
C-9,2018,,0.635853,0.659808,0.626308,,0.893553,,0.635853,0.659808,0.626308,,0.893553,,0.27622,0.29408999999999996,0.266655,,0.275313,,0.27622,0.29408999999999996,0.266655,,0.275313,,0.464266,0.465698,0.478549,,0.542571,,0.464266,0.465698,0.478549,,0.542571,,1.912697,2.1744595,0.038075,,2.805901,,1.912697,2.1744595,0.038075,,2.805901,,0.277056,0.2854565,0.277512,,0.347386,,0.277056,0.2854565,0.277512,,0.347386,,0.365675,0.37095049999999996,0.365053,,0.444025,,0.365675,0.37095049999999996,0.365053,,0.444025,,-0.464266,-0.465698,-0.478549,,-0.542571,,-0.464266,-0.465698,-0.478549,,-0.542571,,0.265113,0.27998900000000004,0.260286,,0.279266,,0.265113,0.27998900000000004,0.260286,,0.279266
C-9,2019,,0.6142391428571428,0.6302095,0.63116975,,,,0.613701,0.6302095,0.613254,,,,0.25515114285714285,0.27711,0.24945925,,,,0.256376,0.27711,0.247016,,,,0.4506211428571429,0.4474865,0.4748665,,,,0.458954,0.4474865,0.475475,,,,1.9362415714285715,2.08906,2.11437325,,,,1.929544,2.08906,1.9337445,,,,0.27718057142857144,0.277028,0.28170375000000003,,,,0.278738,0.277028,0.278912,,,,0.3482244285714286,0.35029299999999997,0.3633595,,,,0.354727,0.35029299999999997,0.3609095,,,,-0.4506211428571429,-0.4474865,-0.4748665,,,,-0.458954,-0.4474865,-0.475475,,,,0.24882514285714286,0.2633515,0.25095125,,,,0.252158,0.2633515,0.2502,,
C-9,2020,0.655408,0.5456034545454546,0.5276573333333333,0.5489346,0.5049385,0.703938,0.655408,0.554825,0.530371,0.557294,0.5049385,0.703938,0.270485,0.23581345454545455,0.24634133333333333,0.2281462,0.2453845,0.257235,0.270485,0.236531,0.24367,0.228298,0.2453845,0.257235,0.475969,0.4414522727272727,0.4455976666666667,0.45217260000000004,0.4384205,0.515494,0.475969,0.44017,0.453234,0.461996,0.4384205,0.515494,1.940237,1.7269195454545454,1.775792,1.7902624,1.8697095,1.990652,1.940237,1.726154,1.785983,1.735313,1.8697095,1.990652,0.283979,0.2590093636363636,0.2512933333333333,0.2614058,0.24200850000000002,0.306703,0.283979,0.260616,0.251913,0.26493,0.24200850000000002,0.306703,0.376391,0.32499836363636364,0.326428,0.33299880000000004,0.3269375,0.399248,0.376391,0.326022,0.329407,0.339008,0.3269375,0.399248,-0.475969,-0.4414522727272727,-0.4455976666666667,-0.45217260000000004,-0.4384205,-0.515494,-0.475969,-0.44017,-0.453234,-0.461996,-0.4384205,-0.515494,0.268281,0.23545663636363637,0.24624566666666667,0.23052060000000002,0.24130600000000002,0.269255,0.268281,0.23597,0.247824,0.230735,0.24130600000000002,0.269255
C-9,2021,,0.5867926923076923,0.5699255,0.7227166666666666,0.580313,0.672184,,0.58951,0.5629284999999999,0.703654,0.580313,0.672184,,0.24614053846153847,0.275042,0.2566326666666667,0.280855,0.249907,,0.250881,0.269558,0.258601,0.280855,0.249907,,0.44735630769230766,0.45582900000000004,0.513561,0.475065,0.501674,,0.453819,0.4541815,0.50547,0.475065,0.501674,,1.7610456153846152,1.8989176666666667,1.82786,1.907549,1.971982,,1.974646,1.914956,1.909262,1.907549,1.971982,,0.2651666923076923,0.26080949999999997,0.3021916666666667,0.265687,0.29572,,0.26919,0.25924899999999995,0.297511,0.265687,0.29572,,0.33714,0.3473581666666667,0.3904636666666666,0.361769,0.377531,,0.343029,0.345468,0.382855,0.361769,0.377531,,-0.44735630769230766,-0.45582900000000004,-0.513561,-0.475065,-0.501674,,-0.453819,-0.4541815,-0.50547,-0.475065,-0.501674,,0.24321423076923077,0.2666625,0.2622913333333334,0.281308,0.25687,,0.246231,0.26163349999999996,0.258765,0.281308,0.25687
C-9,2022,0.71766,0.655586375,0.606767,0.7569328333333334,0.577843,0.747639,0.71766,0.6732075,0.606767,0.7226005,0.577843,0.747639,0.280649,0.26511225,0.277553,0.26628816666666666,0.268729,0.274972,0.280649,0.2639195,0.277553,0.268758,0.268729,0.274972,0.516306,0.47148825,0.457331,0.5279256666666666,0.477723,0.490145,0.516306,0.4775815,0.457331,0.5079145,0.477723,0.490145,1.793956,1.4112304999999998,2.173019,2.1962888333333335,1.862752,2.579934,1.793956,1.9814184999999997,2.173019,2.123452,1.862752,2.579934,0.302298,0.283576875,0.2668,0.31196833333333335,0.266405,0.309101,0.302298,0.28805400000000003,0.2668,0.301411,0.266405,0.309101,0.408535,0.3662475,0.357263,0.41001533333333334,0.368434,0.392668,0.408535,0.370299,0.357263,0.3982825,0.368434,0.392668,-0.516306,-0.47148825,-0.457331,-0.5279256666666666,-0.477723,-0.490145,-0.516306,-0.4775815,-0.457331,-0.5079145,-0.477723,-0.490145,0.287238,0.260125375,0.265733,0.273107,0.272468,0.264745,0.287238,0.26258349999999997,0.265733,0.2669245,0.272468,0.264745
C-9,2023,,0.6315803,0.6042996,0.7081756666666666,0.6206776666666667,,,0.6177285,0.587172,0.6959355,0.620341,,,0.2576486,0.2681402,0.25415366666666667,0.2858056666666667,,,0.262556,0.26798,0.2520115,0.286852,,,0.4770719,0.4654782,0.5141936666666667,0.480419,,,0.46595549999999997,0.458814,0.5020065,0.479028,,,1.9530010999999998,1.9603802,2.088857,1.997774,,,2.0414785,2.000225,2.065,1.929568,,,0.2775452,0.2683598,0.302212,0.27520066666666665,,,0.2727255,0.265224,0.297504,0.272926,,,0.3732391,0.3714678,0.40230950000000004,0.3835826666666666,,,0.367346,0.365569,0.395135,0.384964,,,-0.4770719,-0.4654782,-0.5141936666666667,-0.480419,,,-0.46595549999999997,-0.458814,-0.5020065,-0.479028,,,0.2578479,0.2622028,0.2621273333333333,0.276378,,,0.2582,0.260272,0.25626099999999996,0.278217,
C-9,2024,0.767054,0.6889419999999999,,0.7270438333333332,0.6352805,,0.767054,0.66197,,0.7292855,0.6352805,,0.265083,0.2670531666666667,,0.25107283333333336,0.2787485,,0.265083,0.2658125,,0.2509325,0.2787485,,0.516119,0.47523983333333336,,0.4984525,0.4654445,,0.516119,0.472777,,0.503454,0.4654445,,2.209309,1.8807715,,2.2140385,2.105453,,2.209309,1.8584395,,2.1828079999999996,2.105453,,0.315068,0.29336216666666665,,0.30619916666666663,0.280136,,0.315068,0.288219,,0.308909,0.280136,,0.420654,0.3829031666666667,,0.39993433333333334,0.374085,,0.420654,0.3798545,,0.40859900000000005,0.374085,,-0.516119,-0.47523983333333336,,-0.4984525,-0.4654445,,-0.516119,-0.472777,,-0.503454,-0.4654445,,0.261454,0.2624085,,0.25372183333333337,0.26743799999999995,,0.261454,0.261672,,0.255159,0.26743799999999995,
