parcel_id,yield_year,window,NDVI_mean,NDVI_median,EVI_mean,EVI_median,NDRE_mean,NDRE_median,NDWI_mean,NDWI_median,SAVI_mean,SAVI_median,CIre_mean,CIre_median,GNDVI_mean,GNDVI_median,MTCI_mean,MTCI_median,n_img
A-1,2016,Enve,0.28474,0.28474,0.217467,0.217467,0.220899,0.220899,-0.402083,-0.402083,0.212545,0.212545,0.434435,0.434435,0.402083,0.402083,1.468543,1.468543,1
A-1,2017,Crec,0.285266,0.285266,0.22463,0.22463,0.220127,0.220127,-0.40246,-0.40246,0.219098,0.219098,0.443016,0.443016,0.40246,0.40246,1.494108,1.494108,1
A-1,2017,Cuaj,0.282695,0.282695,0.227774,0.227774,0.219444,0.219444,-0.396265,-0.396265,0.219666,0.219666,0.450718,0.450718,0.396265,0.396265,1.658788,1.658788,1
A-1,2018,Crec,0.28463,0.28463,0.22616,0.22616,0.208066,0.208066,-0.387977,-0.387977,0.214225,0.214225,0.429413,0.429413,0.387977,0.387977,1.445336,1.445336,1
A-1,2018,Cuaj,0.296098,0.296098,0.2450465,0.2450465,0.22122350000000002,0.22122350000000002,-0.39630750000000003,-0.39630750000000003,0.2293615,0.2293615,0.463909,0.463909,0.39630750000000003,0.39630750000000003,1.7933535,1.7933535,2
A-1,2018,Enve,0.302262,0.302262,0.234321,0.234321,0.219543,0.219543,-0.414338,-0.414338,0.224681,0.224681,0.448982,0.448982,0.414338,0.414338,1.568435,1.568435,1
A-1,2018,Reposo,0.390553,0.390553,0.24893,0.24893,0.295997,0.295997,-0.494791,-0.494791,0.252239,0.252239,0.695259,0.695259,0.494791,0.494791,2.647623,2.647623,1
A-1,2019,Crec,0.2733251428571429,0.280244,0.21260742857142856,0.210619,0.21659414285714287,0.215429,-0.378371,-0.383499,0.20364085714285715,0.207876,0.4381315714285714,0.433225,0.378371,0.383499,1.6001807142857143,1.59967,7
A-1,2019,Cuaj,0.283361,0.283361,0.23827399999999999,0.23827399999999999,0.2186855,0.2186855,-0.38038249999999996,-0.38038249999999996,0.222033,0.222033,0.4663215,0.4663215,0.38038249999999996,0.38038249999999996,1.6718294999999999,1.6718294999999999,2
A-1,2019,Enve,0.28153375,0.285383,0.20878225,0.2093535,0.213837,0.2145665,-0.3930275,-0.40021549999999995,0.2049515,0.2076835,0.43037000000000003,0.425213,0.3930275,0.40021549999999995,1.6723824999999999,1.678674,4
A-1,2020,Brot,0.283126,0.283126,0.214805,0.214805,0.208726,0.208726,-0.385949,-0.385949,0.208471,0.208471,0.42357,0.42357,0.385949,0.385949,2.873998,2.873998,1
A-1,2020,Crec,0.2763643636363637,0.277412,0.21263945454545452,0.214152,0.21394518181818184,0.213738,-0.3795113636363636,-0.380788,0.20639745454545455,0.207598,0.43651199999999996,0.434108,0.3795113636363636,0.380788,1.5650527272727273,1.562477,11
A-1,2020,Cuaj,0.28025733333333336,0.281256,0.22541966666666666,0.224177,0.21125933333333333,0.211845,-0.38720899999999997,-0.387155,0.21795399999999998,0.21483,0.4304733333333333,0.430352,0.38720899999999997,0.387155,1.1232576666666667,1.589106,3
A-1,2020,Enve,0.2835318,0.290564,0.20573160000000001,0.210464,0.2151166,0.218272,-0.3957946,-0.40296,0.2039762,0.209048,0.4280234,0.440216,0.3957946,0.40296,1.54582375,1.5122935,5
A-1,2020,Flor,0.289107,0.289107,0.237462,0.237462,0.21052949999999998,0.21052949999999998,-0.3869525,-0.3869525,0.2245085,0.2245085,0.4399615,0.4399615,0.3869525,0.3869525,1.77007,1.77007,2
A-1,2020,Reposo,0.311944,0.311944,0.216274,0.216274,0.233905,0.233905,-0.432126,-0.432126,0.222673,0.222673,0.479844,0.479844,0.432126,0.432126,1.839991,1.839991,1
A-1,2021,Crec,0.2690458461538462,0.27406,0.20824030769230767,0.214924,0.2082633076923077,0.211833,-0.3773236153846154,-0.381657,0.20211099999999999,0.206831,0.43118184615384614,0.434807,0.3773236153846154,0.381657,1.7200987692307694,1.639867,13
A-1,2021,Cuaj,0.28124283333333333,0.2900935,0.237577,0.236077,0.20602600000000001,0.21382400000000001,-0.38467650000000003,-0.39726150000000005,0.223355,0.226306,0.42480249999999997,0.4471045,0.38467650000000003,0.39726150000000005,1.7558018333333332,1.6702314999999999,6
A-1,2021,Enve,0.3166366666666667,0.31151,0.22355166666666668,0.226885,0.23856699999999997,0.235144,-0.43718299999999993,-0.424668,0.224755,0.222927,0.5249006666666666,0.508494,0.43718299999999993,0.424668,2.029095,2.092818,3
A-1,2021,Flor,0.302862,0.302862,0.244674,0.244674,0.217508,0.217508,-0.409933,-0.409933,0.239515,0.239515,0.450202,0.450202,0.409933,0.409933,1.82522,1.82522,1
A-1,2021,Reposo,0.245065,0.245065,0.193062,0.193062,0.194374,0.194374,-0.332436,-0.332436,0.174403,0.174403,0.387122,0.387122,0.332436,0.332436,0.745971,0.745971,1
A-1,2022,Brot,0.368115,0.368115,0.262875,0.262875,0.266223,0.266223,-0.476045,-0.476045,0.266719,0.266719,0.595306,0.595306,0.476045,0.476045,2.44101,2.44101,1
A-1,2022,Crec,0.310107,0.310152,0.233389625,0.23081249999999998,0.2351875,0.2355015,-0.421034375,-0.42352999999999996,0.228054125,0.229234,0.507929375,0.5096745,0.421034375,0.42352999999999996,1.785892,1.8036984999999999,8
A-1,2022,Cuaj,0.310833,0.310833,0.249879,0.249879,0.228482,0.228482,-0.414581,-0.414581,0.237496,0.237496,0.496749,0.496749,0.414581,0.414581,1.83113,1.83113,1
A-1,2022,Enve,0.34813500000000003,0.33989349999999996,0.2414085,0.2410795,0.2578738333333333,0.249661,-0.47183250000000004,-0.457699,0.24574783333333336,0.23978,0.5720473333333334,0.5499065000000001,0.47183250000000004,0.457699,2.055545,1.975323,6
A-1,2022,Flor,0.352418,0.352418,0.267427,0.267427,0.246733,0.246733,-0.45362,-0.45362,0.266698,0.266698,0.535505,0.535505,0.45362,0.45362,1.734421,1.734421,1
A-1,2022,Reposo,0.33676,0.33676,0.237131,0.237131,0.26001,0.26001,-0.45247,-0.45247,0.236946,0.236946,0.591511,0.591511,0.45247,0.45247,1.894552,1.894552,1
A-1,2023,Crec,0.33768509999999996,0.33769099999999996,0.24863110000000002,0.2462875,0.2507142,0.2516355,-0.44443720000000003,-0.4432125,0.24569049999999998,0.244928,0.5573764999999999,0.57027,0.44443720000000003,0.4432125,1.7549477,1.7243620000000002,10
A-1,2023,Cuaj,0.3552868,0.357485,0.2785582,0.285667,0.25482360000000004,0.253353,-0.44758119999999996,-0.446331,0.2676652,0.274196,0.5835817999999999,0.577994,0.44758119999999996,0.446331,3.2755218,1.748001,5
A-1,2023,Enve,0.34778216666666667,0.3455335,0.23802283333333332,0.2378825,0.260952,0.25804150000000003,-0.4672155,-0.460233,0.242694,0.238852,0.5751339999999999,0.571787,0.4672155,0.460233,1.8509683333333333,1.7593925,6
A-1,2023,Flor,0.3540206666666667,0.351907,0.279412,0.276657,0.2472363333333333,0.247702,-0.4484916666666667,-0.451079,0.266384,0.262525,0.5462143333333334,0.541211,0.4484916666666667,0.451079,1.8871543333333332,1.876221,3
A-1,2024,Brot,0.377639,0.377639,0.259118,0.259118,0.275669,0.275669,-0.479832,-0.479832,0.252808,0.252808,0.630307,0.630307,0.479832,0.479832,2.065418,2.065418,1
A-1,2024,Crec,0.3174223333333333,0.3089505,0.23755800000000002,0.23465249999999999,0.24155266666666667,0.232907,-0.42048250000000004,-0.416142,0.23133683333333332,0.22624699999999998,0.5255261666666667,0.497793,0.42048250000000004,0.416142,1.7329818333333333,1.689823,6
A-1,2024,Enve,0.34968933333333335,0.35425249999999997,0.23801150000000001,0.2379085,0.2623166666666667,0.2651335,-0.45054716666666667,-0.454835,0.23737699999999998,0.23638900000000002,0.5820445,0.585896,0.45054716666666667,0.454835,1.4936435000000001,1.630337,6
A-1,2024,Flor,0.3349715,0.3349715,0.2670305,0.2670305,0.2426665,0.2426665,-0.42601049999999996,-0.42601049999999996,0.2521735,0.2521735,0.5368055,0.5368055,0.42601049999999996,0.42601049999999996,1.8288185,1.8288185,2
A-2,2016,Enve,0.291064,0.291064,0.21916,0.21916,0.225643,0.225643,-0.413063,-0.413063,0.216629,0.216629,0.439313,0.439313,0.413063,0.413063,1.434464,1.434464,1
A-2,2017,Crec,0.278738,0.278738,0.21558,0.21558,0.216533,0.216533,-0.404056,-0.404056,0.212884,0.212884,0.4256,0.4256,0.404056,0.404056,1.465593,1.465593,1
A-2,2017,Cuaj,0.272703,0.272703,0.216233,0.216233,0.209673,0.209673,-0.392613,-0.392613,0.211029,0.211029,0.419175,0.419175,0.392613,0.392613,1.543812,1.543812,1
A-2,2018,Crec,0.29235,0.29235,0.228818,0.228818,0.21479,0.21479,-0.401377,-0.401377,0.218728,0.218728,0.44638,0.44638,0.401377,0.401377,1.458643,1.458643,1
A-2,2018,Cuaj,0.2915365,0.2915365,0.239153,0.239153,0.217505,0.217505,-0.39847200000000005,-0.39847200000000005,0.22642400000000001,0.22642400000000001,0.4470375,0.4470375,0.39847200000000005,0.39847200000000005,1.6880285000000002,1.6880285000000002,2
A-2,2018,Enve,0.312404,0.312404,0.237832,0.237832,0.227858,0.227858,-0.428423,-0.428423,0.229953,0.229953,0.468814,0.468814,0.428423,0.428423,1.552944,1.552944,1
A-2,2018,Reposo,0.385361,0.385361,0.245299,0.245299,0.288731,0.288731,-0.49619,-0.49619,0.250097,0.250097,0.663118,0.663118,0.49619,0.49619,2.213704,2.213704,1
A-2,2019,Crec,0.2870774285714286,0.291985,0.2223757142857143,0.223524,0.2272522857142857,0.226468,-0.39640442857142855,-0.402098,0.214802,0.217135,0.46563214285714283,0.459225,0.39640442857142855,0.402098,1.6482024285714285,1.651854,7
A-2,2019,Cuaj,0.26872050000000003,0.26872050000000003,0.2159085,0.2159085,0.20747,0.20747,-0.37021,-0.37021,0.203425,0.203425,0.43614949999999997,0.43614949999999997,0.37021,0.37021,1.7822695,1.7822695,2
A-2,2019,Enve,0.3060525,0.30271499999999996,0.2255855,0.22290700000000002,0.2335015,0.22950399999999999,-0.422836,-0.4228645,0.22356225,0.221108,0.477311,0.467619,0.422836,0.4228645,1.8016415,1.7375205,4
A-2,2020,Brot,0.302076,0.302076,0.230404,0.230404,0.224083,0.224083,-0.410234,-0.410234,0.225242,0.225242,0.453205,0.453205,0.410234,0.410234,1.667749,1.667749,1
A-2,2020,Crec,0.2831353636363636,0.28175,0.2170551818181818,0.217278,0.22050681818181816,0.220557,-0.3956170909090909,-0.395471,0.21325836363636366,0.213323,0.4443893636363636,0.450899,0.3956170909090909,0.395471,1.5092155454545455,1.482643,11
A-2,2020,Cuaj,0.2769523333333333,0.27615,0.22135466666666667,0.222344,0.20879933333333334,0.208255,-0.3911246666666666,-0.387224,0.21667666666666666,0.220804,0.41713266666666665,0.415167,0.3911246666666666,0.387224,1.5427739999999999,1.581434,3
A-2,2020,Enve,0.2940626,0.295918,0.2137204,0.208148,0.22439599999999998,0.226475,-0.41571980000000003,-0.422069,0.21416399999999997,0.214742,0.4435914,0.444373,0.41571980000000003,0.422069,1.5115684,1.462056,5
A-2,2020,Flor,0.2776415,0.2776415,0.2316875,0.2316875,0.202573,0.202573,-0.3836895,-0.3836895,0.2198315,0.2198315,0.406931,0.406931,0.3836895,0.3836895,1.569883,1.569883,2
A-2,2020,Reposo,0.329175,0.329175,0.228169,0.228169,0.249578,0.249578,-0.455655,-0.455655,0.237328,0.237328,0.517621,0.517621,0.455655,0.455655,1.990394,1.990394,1
A-2,2021,Crec,0.3012993076923077,0.306329,0.23007161538461537,0.234153,0.23378053846153846,0.23657,-0.413916,-0.421843,0.22551338461538462,0.225844,0.4986771538461538,0.500253,0.413916,0.421843,1.5550036153846152,1.78488,13
A-2,2021,Cuaj,0.2983631666666667,0.3056055,0.24579566666666666,0.2470365,0.21926416666666668,0.2282225,-0.40516633333333335,-0.418107,0.234264,0.23845100000000002,0.46038833333333334,0.4790125,0.40516633333333335,0.418107,1.7357595000000001,1.7224555,6
A-2,2021,Enve,0.3504446666666667,0.338821,0.24169766666666667,0.240046,0.267355,0.260907,-0.47781499999999993,-0.464874,0.2462243333333333,0.239304,0.6020880000000001,0.582958,0.47781499999999993,0.464874,1.8501186666666667,1.875723,3
A-2,2021,Flor,0.326728,0.326728,0.262332,0.262332,0.236454,0.236454,-0.436264,-0.436264,0.259312,0.259312,0.506476,0.506476,0.436264,0.436264,1.876689,1.876689,1
A-2,2021,Reposo,0.069566,0.069566,0.362452,0.362452,-0.013235,-0.013235,-0.034305,-0.034305,0.058177,0.058177,0.005517,0.005517,0.034305,0.034305,-0.368308,-0.368308,1
A-2,2022,Brot,0.377542,0.377542,0.264379,0.264379,0.272621,0.272621,-0.495093,-0.495093,0.272315,0.272315,0.61268,0.61268,0.495093,0.495093,,,1
A-2,2022,Crec,0.323907,0.32774250000000005,0.237922875,0.23548599999999997,0.24629737499999999,0.249555,-0.4399615,-0.4445525,0.235186125,0.239042,0.5342217499999999,0.543428,0.4399615,0.4445525,1.79250175,1.8018239999999999,8
A-2,2022,Cuaj,0.327928,0.327928,0.258655,0.258655,0.240684,0.240684,-0.435213,-0.435213,0.248316,0.248316,0.527896,0.527896,0.435213,0.435213,1.799815,1.799815,1
A-2,2022,Enve,0.3655661666666667,0.3553925,0.24944233333333332,0.2480715,0.272298,0.2661465,-0.4957770000000001,-0.4794315,0.2568655,0.2530635,0.6090238333333333,0.5893815,0.4957770000000001,0.4794315,1.7782996666666666,1.7424395000000001,6
A-2,2022,Flor,0.34286,0.34286,0.253724,0.253724,0.243581,0.243581,-0.460365,-0.460365,0.2589,0.2589,0.5107,0.5107,0.460365,0.460365,1.63427,1.63427,1
A-2,2022,Reposo,0.371034,0.371034,0.25791,0.25791,0.289382,0.289382,-0.486688,-0.486688,0.259641,0.259641,0.677269,0.677269,0.486688,0.486688,2.194545,2.194545,1
A-2,2023,Crec,0.35401509999999997,0.35840700000000003,0.2550475,0.2565045,0.2627077,0.2650485,-0.46593049999999997,-0.46630950000000004,0.2551059,0.258808,0.5892461,0.5930245,0.46593049999999997,0.46630950000000004,1.7099159,1.7444905,10
A-2,2023,Cuaj,0.3649418,0.368216,0.2805304,0.284603,0.26285820000000004,0.260436,-0.46365160000000005,-0.462871,0.273184,0.28113,0.6022679999999999,0.592281,0.46365160000000005,0.462871,1.8046042,1.804557,5
A-2,2023,Enve,0.3658973333333333,0.3633675,0.245918,0.2441965,0.2738331666666666,0.2708155,-0.48857016666666664,-0.48116000000000003,0.25315183333333335,0.248888,0.6083523333333334,0.6019574999999999,0.48857016666666664,0.48116000000000003,1.7504791666666666,1.7756865,6
A-2,2023,Flor,0.362663,0.361908,0.2821086666666666,0.279833,0.25419833333333336,0.256406,-0.464983,-0.466122,0.2724866666666667,0.269606,0.5599066666666667,0.560375,0.464983,0.466122,1.7968126666666666,1.808344,3
A-2,2024,Brot,0.393305,0.393305,0.266914,0.266914,0.288799,0.288799,-0.495776,-0.495776,0.261982,0.261982,0.668401,0.668401,0.495776,0.495776,2.312876,2.312876,1
A-2,2024,Crec,0.3271056666666667,0.32077350000000004,0.2417435,0.2406605,0.24781633333333333,0.241666,-0.43826800000000005,-0.43520349999999997,0.23814233333333332,0.2344275,0.5303034999999999,0.508539,0.43826800000000005,0.43520349999999997,1.6466683333333334,1.5957485,6
A-2,2024,Enve,0.3504968333333333,0.357206,0.23711566666666664,0.23805749999999998,0.26278283333333335,0.266166,-0.4636203333333333,-0.4684005,0.23955716666666668,0.2406705,0.5697563333333333,0.5709435,0.4636203333333333,0.4684005,1.6785281666666665,1.6616385,6
A-2,2024,Flor,0.3387065,0.3387065,0.2653985,0.2653985,0.24720799999999998,0.24720799999999998,-0.439478,-0.439478,0.2544155,0.2544155,0.529721,0.529721,0.439478,0.439478,1.7890415000000002,1.7890415000000002,2
A-3,2016,Enve,0.32213,0.32213,0.239062,0.239062,0.254471,0.254471,-0.436818,-0.436818,0.235078,0.235078,0.529211,0.529211,0.436818,0.436818,1.744509,1.744509,1
A-3,2017,Crec,0.306797,0.306797,0.234142,0.234142,0.239348,0.239348,-0.423572,-0.423572,0.230208,0.230208,0.504117,0.504117,0.423572,0.423572,1.75879,1.75879,1
A-3,2017,Cuaj,0.306022,0.306022,0.240074,0.240074,0.238398,0.238398,-0.416936,-0.416936,0.23273,0.23273,0.51112,0.51112,0.416936,0.416936,1.924485,1.924485,1
A-3,2018,Crec,0.314538,0.314538,0.244088,0.244088,0.234241,0.234241,-0.423468,-0.423468,0.234829,0.234829,0.492312,0.492312,0.423468,0.423468,1.588098,1.588098,1
A-3,2018,Cuaj,0.338491,0.338491,0.275687,0.275687,0.25597400000000003,0.25597400000000003,-0.4354485,-0.4354485,0.2603225,0.2603225,0.567963,0.567963,0.4354485,0.4354485,1.9475565,1.9475565,2
A-3,2018,Enve,0.326221,0.326221,0.248381,0.248381,0.239816,0.239816,-0.442707,-0.442707,0.241699,0.241699,0.501342,0.501342,0.442707,0.442707,1.823354,1.823354,1
A-3,2018,Reposo,0.420751,0.420751,0.26884,0.26884,0.322986,0.322986,-0.523278,-0.523278,0.272974,0.272974,0.79245,0.79245,0.523278,0.523278,3.601318,3.601318,1
A-3,2019,Crec,0.31640414285714286,0.32317,0.23971314285714285,0.239421,0.252565,0.253812,-0.4245222857142857,-0.432376,0.2323535714285714,0.235272,0.5340514285714286,0.533958,0.4245222857142857,0.432376,1.5196952857142858,1.702301,7
A-3,2019,Cuaj,0.3296755,0.3296755,0.2651015,0.2651015,0.256764,0.256764,-0.4294175,-0.4294175,0.2508385,0.2508385,0.5627534999999999,0.5627534999999999,0.4294175,0.4294175,1.924712,1.924712,2
A-3,2019,Enve,0.32659625000000003,0.321794,0.2344535,0.2319175,0.252169,0.2477705,-0.441831,-0.43974,0.233456,0.230725,0.5331652499999999,0.5205115,0.441831,0.43974,1.793409,1.8038690000000002,4
A-3,2020,Brot,0.319823,0.319823,0.224235,0.224235,0.240232,0.240232,-0.42601,-0.42601,0.222596,0.222596,0.505414,0.505414,0.42601,0.42601,1.895514,1.895514,1
A-3,2020,Crec,0.31247772727272727,0.315348,0.23344081818181817,0.23428,0.24364127272727273,0.242847,-0.42305945454545457,-0.425903,0.23048254545454547,0.231957,0.5048201818181819,0.499465,0.42305945454545457,0.425903,1.5619244545454547,1.575574,11
A-3,2020,Cuaj,0.315656,0.321,0.24788066666666667,0.247134,0.24057766666666666,0.240975,-0.42640666666666666,-0.435178,0.24327466666666667,0.246229,0.5019593333333333,0.503793,0.42640666666666666,0.435178,2.480653333333333,1.804496,3
A-3,2020,Enve,0.3172054,0.320033,0.2240748,0.22238,0.2443434,0.248214,-0.435801,-0.44552,0.2250528,0.225302,0.49556659999999997,0.499516,0.435801,0.44552,1.524225,1.567791,5
A-3,2020,Flor,0.3294785,0.3294785,0.266008,0.266008,0.2444285,0.2444285,-0.43401449999999997,-0.43401449999999997,0.25593499999999997,0.25593499999999997,0.518125,0.518125,0.43401449999999997,0.43401449999999997,1.7082885,1.7082885,2
A-3,2020,Reposo,0.361157,0.361157,0.24079,0.24079,0.275458,0.275458,-0.48628,-0.48628,0.252231,0.252231,0.601551,0.601551,0.48628,0.48628,1.932107,1.932107,1
A-3,2021,Crec,0.3239510769230769,0.324792,0.24229523076923076,0.243467,0.25321869230769234,0.251711,-0.43693915384615384,-0.438549,0.23857469230769232,0.238665,0.5496524615384616,0.539933,0.43693915384615384,0.438549,1.813481923076923,1.862617,13
A-3,2021,Cuaj,0.32317733333333337,0.3187325,0.26248883333333334,0.26265649999999996,0.2423928333333333,0.237083,-0.43402466666666667,-0.4269155,0.25301233333333334,0.25469549999999996,0.5141061666666666,0.502126,0.43402466666666667,0.4269155,1.8172228333333333,1.818766,6
A-3,2021,Enve,0.37341966666666665,0.367123,0.253641,0.252385,0.28806733333333334,0.28516,-0.49822533333333335,-0.490535,0.258397,0.254809,0.6721343333333333,0.662449,0.49822533333333335,0.490535,2.159580666666667,2.227021,3
A-3,2021,Flor,0.341003,0.341003,0.267668,0.267668,0.247782,0.247782,-0.457367,-0.457367,0.267647,0.267647,0.524718,0.524718,0.457367,0.457367,1.775422,1.775422,1
A-3,2021,Reposo,0.292362,0.292362,0.219663,0.219663,0.229878,0.229878,-0.395968,-0.395968,0.207413,0.207413,0.462779,0.462779,0.395968,0.395968,1.827179,1.827179,1
A-3,2022,Brot,0.368792,0.368792,0.258403,0.258403,0.27413,0.27413,-0.48744,-0.48744,0.265358,0.265358,0.606148,0.606148,0.48744,0.48744,1.62366,1.62366,1
A-3,2022,Crec,0.344032625,0.34440899999999997,0.2520475,0.2477985,0.267608375,0.268248,-0.456973875,-0.4590425,0.24845224999999999,0.25021,0.593652875,0.594332,0.456973875,0.4590425,1.9813749999999999,1.967307,8
A-3,2022,Cuaj,0.338676,0.338676,0.266503,0.266503,0.25504,0.25504,-0.443045,-0.443045,0.254964,0.254964,0.565664,0.565664,0.443045,0.443045,2.083659,2.083659,1
A-3,2022,Enve,0.3877093333333333,0.379015,0.2595905,0.25977550000000005,0.2955745,0.2903945,-0.5121276666666666,-0.49634849999999997,0.2665981666666667,0.263343,0.6830396666666667,0.665454,0.5121276666666666,0.49634849999999997,2.7689692,2.063118,6
A-3,2022,Flor,0.356987,0.356987,0.265245,0.265245,0.258829,0.258829,-0.467697,-0.467697,0.268067,0.268067,0.55863,0.55863,0.467697,0.467697,1.899556,1.899556,1
A-3,2022,Reposo,0.391417,0.391417,0.263435,0.263435,0.306949,0.306949,-0.514786,-0.514786,0.268984,0.268984,0.738469,0.738469,0.514786,0.514786,5.211566,5.211566,1
A-3,2023,Crec,0.3689372,0.3707465,0.2631025,0.26589399999999996,0.2786056,0.27791449999999995,-0.4801668,-0.479306,0.2627812,0.2660725,0.6298205,0.6341060000000001,0.4801668,0.479306,1.7709755,1.81433,10
A-3,2023,Cuaj,0.3902952,0.381506,0.2975534,0.293154,0.2853116,0.276794,-0.4837714,-0.472244,0.28840180000000004,0.285438,0.6639856,0.637609,0.4837714,0.472244,1.9688602,1.945697,5
A-3,2023,Enve,0.3843273333333333,0.381658,0.25389216666666664,0.25298,0.2921023333333333,0.289902,-0.5050301666666667,-0.497152,0.26095666666666667,0.2569285,0.6641943333333333,0.66013,0.5050301666666667,0.497152,1.8199041999999999,1.774496,6
A-3,2023,Flor,0.3767606666666667,0.37301,0.28953233333333334,0.28639,0.2704436666666667,0.269127,-0.476176,-0.479521,0.2790086666666667,0.275718,0.605724,0.597962,0.476176,0.479521,2.0229596666666665,2.015056,3
A-3,2024,Brot,0.404845,0.404845,0.26801,0.26801,0.304377,0.304377,-0.507746,-0.507746,0.263667,0.263667,0.715549,0.715549,0.507746,0.507746,2.170244,2.170244,1
A-3,2024,Crec,0.3469816666666667,0.340334,0.25219566666666665,0.250049,0.26956766666666665,0.26202000000000003,-0.4504576666666667,-0.446037,0.24758116666666666,0.2440275,0.6081725,0.5775555,0.4504576666666667,0.446037,1.8600539999999999,1.8290980000000001,6
A-3,2024,Enve,0.370517,0.3772175,0.24472816666666666,0.2443525,0.28675483333333335,0.2893265,-0.47767183333333335,-0.482799,0.24620033333333335,0.246513,0.6541655,0.6520414999999999,0.47767183333333335,0.482799,1.9038655,1.8909465,6
A-3,2024,Flor,0.35290699999999997,0.35290699999999997,0.273915,0.273915,0.261487,0.261487,-0.4499495,-0.4499495,0.26218549999999996,0.26218549999999996,0.581414,0.581414,0.4499495,0.4499495,2.032679,2.032679,2
A-4,2016,Enve,0.305065,0.305065,0.225997,0.225997,0.243446,0.243446,-0.428368,-0.428368,0.224257,0.224257,0.489688,0.489688,0.428368,0.428368,1.635883,1.635883,1
A-4,2017,Crec,0.283912,0.283912,0.217609,0.217609,0.223693,0.223693,-0.409127,-0.409127,0.215234,0.215234,0.448347,0.448347,0.409127,0.409127,1.573459,1.573459,1
A-4,2017,Cuaj,0.280727,0.280727,0.220738,0.220738,0.218881,0.218881,-0.40049,-0.40049,0.215787,0.215787,0.446232,0.446232,0.40049,0.40049,1.653339,1.653339,1
A-4,2018,Crec,0.292953,0.292953,0.229866,0.229866,0.21748,0.21748,-0.411731,-0.411731,0.222705,0.222705,0.443119,0.443119,0.411731,0.411731,1.463972,1.463972,1
A-4,2018,Cuaj,0.31688099999999997,0.31688099999999997,0.2583845,0.2583845,0.2380745,0.2380745,-0.422066,-0.422066,0.2460325,0.2460325,0.5034959999999999,0.5034959999999999,0.422066,0.422066,1.780618,1.780618,2
A-4,2018,Enve,0.310563,0.310563,0.23758,0.23758,0.228495,0.228495,-0.435761,-0.435761,0.232772,0.232772,0.465831,0.465831,0.435761,0.435761,1.843155,1.843155,1
A-4,2018,Reposo,0.384862,0.384862,0.247458,0.247458,0.293437,0.293437,-0.500281,-0.500281,0.252701,0.252701,0.66969,0.66969,0.500281,0.500281,2.324798,2.324798,1
A-4,2019,Crec,0.307143,0.311914,0.23643114285714287,0.235096,0.24545585714285714,0.246426,-0.4201115714285714,-0.430253,0.22978371428571429,0.231434,0.5080577142857142,0.504385,0.4201115714285714,0.430253,1.6597795714285712,1.651573,7
A-4,2019,Cuaj,0.29021949999999996,0.29021949999999996,0.21124749999999998,0.21124749999999998,0.225959,0.225959,-0.387116,-0.387116,0.20174150000000002,0.20174150000000002,0.49011899999999997,0.49011899999999997,0.387116,0.387116,1.8414085,1.8414085,2
A-4,2019,Enve,0.325622,0.3174965,0.23847925,0.2343675,0.252525,0.248637,-0.4443795,-0.436824,0.2372725,0.2307265,0.52560125,0.5171805,0.4443795,0.436824,1.754027,1.7471505,4
A-4,2020,Brot,0.344484,0.344484,0.257952,0.257952,0.257328,0.257328,-0.448144,-0.448144,0.254222,0.254222,0.551611,0.551611,0.448144,0.448144,1.853538,1.853538,1
A-4,2020,Crec,0.3040080909090909,0.300414,0.232257,0.230832,0.23774163636363638,0.235435,-0.4235800909090909,-0.421356,0.23085463636363637,0.228319,0.48379190909090913,0.484925,0.4235800909090909,0.421356,1.5415850909090911,1.512554,11
A-4,2020,Cuaj,0.30897100000000005,0.316388,0.24499200000000002,0.246341,0.23324933333333334,0.236397,-0.4235873333333333,-0.432864,0.24217233333333332,0.247658,0.48133333333333334,0.48824,0.4235873333333333,0.432864,1.618563,1.624793,3
A-4,2020,Enve,0.32173979999999996,0.325625,0.2345654,0.228883,0.24663240000000003,0.251572,-0.4448038,-0.456008,0.2363782,0.238105,0.504734,0.514609,0.4448038,0.456008,1.6071307999999997,1.60364,5
A-4,2020,Flor,0.333769,0.333769,0.2741205,0.2741205,0.242908,0.242908,-0.434987,-0.434987,0.2633575,0.2633575,0.5197860000000001,0.5197860000000001,0.434987,0.434987,1.8569735,1.8569735,2
A-4,2020,Reposo,0.346255,0.346255,0.238341,0.238341,0.266956,0.266956,-0.477032,-0.477032,0.24937,0.24937,0.561909,0.561909,0.477032,0.477032,1.86376,1.86376,1
A-4,2021,Crec,0.32423307692307696,0.324251,0.24437953846153848,0.242945,0.25462123076923077,0.255974,-0.4395052307692308,-0.445005,0.24077238461538464,0.239879,0.5473626153846154,0.54855,0.4395052307692308,0.445005,1.8469443846153846,1.876998,13
A-4,2021,Cuaj,0.3184635,0.31532649999999995,0.260548,0.2585855,0.23823033333333332,0.234178,-0.43266783333333336,-0.42529150000000004,0.25142166666666665,0.252704,0.4998546666666666,0.489495,0.43266783333333336,0.42529150000000004,1.7505645,1.7771785,6
A-4,2021,Enve,0.37216099999999996,0.366121,0.25429266666666667,0.250116,0.288999,0.288777,-0.4998883333333333,-0.49357,0.25921599999999995,0.255943,0.662957,0.660622,0.4998883333333333,0.49357,2.1461333333333332,2.132959,3
A-4,2021,Flor,0.340436,0.340436,0.271849,0.271849,0.247414,0.247414,-0.459119,-0.459119,0.272198,0.272198,0.523969,0.523969,0.459119,0.459119,1.766445,1.766445,1
A-4,2021,Reposo,0.084508,0.084508,0.13263,0.13263,0.063254,0.063254,-0.098161,-0.098161,0.068696,0.068696,0.125315,0.125315,0.098161,0.098161,1.90629,1.90629,1
A-4,2022,Brot,0.364285,0.364285,0.255365,0.255365,0.267588,0.267588,-0.485708,-0.485708,0.263268,0.263268,0.58595,0.58595,0.485708,0.485708,2.078565,2.078565,1
A-4,2022,Crec,0.331664625,0.335764,0.24478,0.24026799999999998,0.2555495,0.2592325,-0.44744425,-0.45327649999999997,0.2414075,0.24376799999999998,0.55712225,0.5662275,0.44744425,0.45327649999999997,1.777457375,1.796647,8
A-4,2022,Cuaj,0.334028,0.334028,0.263639,0.263639,0.248594,0.248594,-0.44076,-0.44076,0.252779,0.252779,0.545931,0.545931,0.44076,0.44076,2.044169,2.044169,1
A-4,2022,Enve,0.36635033333333333,0.3599075,0.2492905,0.252085,0.2767231666666667,0.270733,-0.4918578333333334,-0.479584,0.254727,0.245097,0.6262694999999999,0.6024465,0.4918578333333334,0.479584,1.9499875,1.93915,6
A-4,2022,Flor,0.340239,0.340239,0.252424,0.252424,0.24534,0.24534,-0.459255,-0.459255,0.257101,0.257101,0.511295,0.511295,0.459255,0.459255,1.944138,1.944138,1
A-4,2022,Reposo,0.407097,0.407097,0.277211,0.277211,0.320337,0.320337,-0.528092,-0.528092,0.28109,0.28109,0.775045,0.775045,0.528092,0.528092,2.375743,2.375743,1
A-4,2023,Crec,0.358502,0.360278,0.2566655,0.26166,0.2700349,0.270872,-0.473421,-0.4715595,0.2570256,0.260375,0.6045765000000001,0.613711,0.473421,0.4715595,1.8127516,1.7820179999999999,10
A-4,2023,Cuaj,0.3717624,0.369079,0.2836518,0.27882,0.27141899999999997,0.267792,-0.4729564,-0.466716,0.2766162,0.276404,0.6160776,0.607226,0.4729564,0.466716,1.6878851999999998,1.661351,5
A-4,2023,Enve,0.3719141666666667,0.370869,0.24822883333333334,0.245753,0.281228,0.2800275,-0.4942136666666667,-0.488086,0.2552061666666667,0.2516105,0.6310525,0.6259975,0.4942136666666667,0.488086,1.7951346666666665,1.799351,6
A-4,2023,Flor,0.3617143333333333,0.358497,0.28002166666666667,0.277569,0.2568076666666667,0.256296,-0.46660033333333334,-0.468643,0.27071433333333333,0.267826,0.5609386666666666,0.552542,0.46660033333333334,0.468643,2.0911846666666665,2.056771,3
A-4,2024,Brot,0.391809,0.391809,0.262364,0.262364,0.290671,0.290671,-0.501318,-0.501318,0.259071,0.259071,0.664549,0.664549,0.501318,0.501318,2.031853,2.031853,1
A-4,2024,Crec,0.32949033333333333,0.323658,0.24156433333333335,0.241339,0.2540546666666667,0.247512,-0.43700999999999995,-0.43363799999999997,0.23716866666666667,0.2338115,0.5540073333333333,0.533758,0.43700999999999995,0.43363799999999997,1.6515796666666667,1.6044105000000002,6
A-4,2024,Enve,0.3476943333333333,0.3560935,0.23335133333333333,0.233383,0.26477100000000003,0.2679395,-0.4596828333333334,-0.4664475,0.23512283333333336,0.23735,0.5794693333333333,0.57996,0.4596828333333334,0.4664475,1.6425988333333335,1.678831,6
A-4,2024,Flor,0.3333475,0.3333475,0.25923799999999997,0.25923799999999997,0.2454225,0.2454225,-0.435785,-0.435785,0.2487995,0.2487995,0.5268200000000001,0.5268200000000001,0.435785,0.435785,1.947098,1.947098,2
B-5,2016,Enve,0.307244,0.307244,0.230611,0.230611,0.244252,0.244252,-0.414163,-0.414163,0.224163,0.224163,0.511288,0.511288,0.414163,0.414163,1.785498,1.785498,1
B-5,2017,Crec,0.311168,0.311168,0.240022,0.240022,0.24109,0.24109,-0.418218,-0.418218,0.233556,0.233556,0.516495,0.516495,0.418218,0.418218,1.636938,1.636938,1
B-5,2017,Cuaj,0.311082,0.311082,0.247443,0.247443,0.24033,0.24033,-0.412232,-0.412232,0.237154,0.237154,0.52384,0.52384,0.412232,0.412232,1.872017,1.872017,1
B-5,2018,Crec,0.34632,0.34632,0.265944,0.265944,0.263663,0.263663,-0.442661,-0.442661,0.252553,0.252553,0.601372,0.601372,0.442661,0.442661,1.955643,1.955643,1
B-5,2018,Cuaj,0.3455335,0.3455335,0.2778545,0.2778545,0.263903,0.263903,-0.441083,-0.441083,0.262497,0.262497,0.593719,0.593719,0.441083,0.441083,2.090634,2.090634,2
B-5,2018,Enve,0.365818,0.365818,0.27238,0.27238,0.276433,0.276433,-0.467468,-0.467468,0.261611,0.261611,0.630376,0.630376,0.467468,0.467468,1.991515,1.991515,1
B-5,2018,Reposo,0.430348,0.430348,0.272142,0.272142,0.332279,0.332279,-0.526012,-0.526012,0.274618,0.274618,0.836176,0.836176,0.526012,0.526012,2.756094,2.756094,1
B-5,2019,Crec,0.31886028571428576,0.324535,0.239617,0.237311,0.25203385714285714,0.253008,-0.41743142857142856,-0.422979,0.23102899999999998,0.234653,0.5388458571428572,0.54032,0.41743142857142856,0.422979,1.8000891428571428,1.772447,7
B-5,2019,Cuaj,0.326053,0.326053,0.261652,0.261652,0.2556795,0.2556795,-0.418716,-0.418716,0.245615,0.245615,0.5688139999999999,0.5688139999999999,0.418716,0.418716,1.3105655,1.3105655,2
B-5,2019,Enve,0.333114,0.3325345,0.23591025,0.234541,0.25496475,0.25221,-0.4401105,-0.44211849999999997,0.23460975,0.2347195,0.550156,0.53545,0.4401105,0.44211849999999997,1.597533,1.789987,4
B-5,2020,Brot,0.352092,0.352092,0.247986,0.247986,0.265439,0.265439,-0.445689,-0.445689,0.244267,0.244267,0.594019,0.594019,0.445689,0.445689,2.081131,2.081131,1
B-5,2020,Crec,0.32703736363636365,0.325821,0.2426821818181818,0.243901,0.2589138181818182,0.257214,-0.4273527272727273,-0.428927,0.23736754545454544,0.238788,0.5624252727272727,0.550418,0.4273527272727273,0.428927,1.7590483636363636,1.835273,11
B-5,2020,Cuaj,0.32981733333333335,0.329926,0.256903,0.252174,0.25264166666666665,0.251447,-0.43096500000000004,-0.435242,0.250341,0.250121,0.5493843333333334,0.545056,0.43096500000000004,0.435242,1.8953159999999998,1.8953159999999998,3
B-5,2020,Enve,0.3324828,0.337854,0.2310878,0.231885,0.2590192,0.260154,-0.44044819999999996,-0.448722,0.2303532,0.231484,0.5542157999999999,0.562114,0.44044819999999996,0.448722,1.8693892,1.852263,5
B-5,2020,Flor,0.329139,0.329139,0.2456045,0.2456045,0.24452849999999998,0.24452849999999998,-0.425451,-0.425451,0.237811,0.237811,0.533908,0.533908,0.425451,0.425451,1.9185794999999999,1.9185794999999999,2
B-5,2020,Reposo,0.365327,0.365327,0.242791,0.242791,0.275439,0.275439,-0.479009,-0.479009,0.252383,0.252383,0.6034,0.6034,0.479009,0.479009,2.812606,2.812606,1
B-5,2021,Crec,0.3238182307692308,0.330446,0.24253269230769228,0.250335,0.2537197692307692,0.257013,-0.42731792307692307,-0.433101,0.23706176923076921,0.241234,0.5618928461538462,0.565467,0.42731792307692307,0.433101,1.9892232307692306,2.015176,13
B-5,2021,Cuaj,0.3379468333333333,0.3386575,0.2761475,0.2731655,0.252863,0.2510795,-0.43447516666666663,-0.431668,0.26212016666666665,0.26161999999999996,0.5591811666666667,0.5546395,0.43447516666666663,0.431668,1.9483398333333335,1.9435945000000001,6
B-5,2021,Enve,0.37104933333333334,0.360918,0.25521166666666667,0.258029,0.28801533333333335,0.283122,-0.4881663333333333,-0.477285,0.2571396666666667,0.251632,0.679389,0.664548,0.4881663333333333,0.477285,3.495194,2.314525,3
B-5,2021,Flor,0.347218,0.347218,0.275623,0.275623,0.255403,0.255403,-0.448937,-0.448937,0.270635,0.270635,0.561783,0.561783,0.448937,0.448937,1.955322,1.955322,1
B-5,2021,Reposo,0.272709,0.272709,0.217419,0.217419,0.204398,0.204398,-0.355333,-0.355333,0.192909,0.192909,0.430081,0.430081,0.355333,0.355333,1.46393,1.46393,1
B-5,2022,Brot,0.388355,0.388355,0.273693,0.273693,0.288916,0.288916,-0.49525,-0.49525,0.277097,0.277097,0.671548,0.671548,0.49525,0.49525,2.283294,2.283294,1
B-5,2022,Crec,0.36175725000000003,0.3640415,0.26988225,0.2663335,0.27943325,0.28187249999999997,-0.461052375,-0.4656985,0.2621445,0.264145,0.650932625,0.6605065000000001,0.461052375,0.4656985,2.088405142857143,2.108815,8
B-5,2022,Cuaj,0.356514,0.356514,0.282852,0.282852,0.263955,0.263955,-0.446689,-0.446689,0.267096,0.267096,0.607709,0.607709,0.446689,0.446689,2.012629,2.012629,1
B-5,2022,Enve,0.4072908333333333,0.40419099999999997,0.27322033333333334,0.273565,0.3083398333333333,0.3048885,-0.5172723333333333,-0.506462,0.2773598333333333,0.273463,0.7552066666666667,0.733088,0.5172723333333333,0.506462,2.3159603333333334,2.218122,6
B-5,2022,Flor,0.382055,0.382055,0.289169,0.289169,0.275662,0.275662,-0.474008,-0.474008,0.28666,0.28666,0.628452,0.628452,0.474008,0.474008,1.965576,1.965576,1
B-5,2022,Reposo,0.387454,0.387454,0.261294,0.261294,0.303971,0.303971,-0.505616,-0.505616,0.266127,0.266127,0.744855,0.744855,0.505616,0.505616,1.748055,1.748055,1
B-5,2023,Crec,0.3606564,0.3577705,0.2605939,0.26533450000000003,0.26703540000000003,0.265537,-0.4602091,-0.453552,0.2573605,0.2592505,0.6027953,0.602194,0.4602091,0.453552,2.0232317,1.8753515,10
B-5,2023,Cuaj,0.3662282,0.367404,0.2825062,0.279994,0.26627619999999996,0.260773,-0.4568434,-0.455877,0.27194280000000004,0.273909,0.6063761999999999,0.59792,0.4568434,0.455877,2.0654496,1.911571,5
B-5,2023,Enve,0.382928,0.37841800000000003,0.2546836666666667,0.252884,0.28431266666666666,0.28095800000000004,-0.48978666666666665,-0.481503,0.2593396666666667,0.254763,0.6482561666666667,0.63778,0.48978666666666665,0.481503,1.8791886666666666,1.8766875,6
B-5,2023,Flor,0.366352,0.36667,0.28374499999999997,0.285147,0.26383,0.261386,-0.46052933333333335,-0.458625,0.271053,0.272765,0.5923569999999999,0.58978,0.46052933333333335,0.458625,2.0535506666666667,1.959633,3
B-5,2024,Brot,0.404216,0.404216,0.267485,0.267485,0.299065,0.299065,-0.497923,-0.497923,0.261625,0.261625,0.709318,0.709318,0.497923,0.497923,2.299094,2.299094,1
B-5,2024,Crec,0.3443773333333333,0.34038500000000005,0.25205833333333333,0.2523945,0.26203316666666665,0.2573925,-0.44055516666666666,-0.43918500000000005,0.24532083333333335,0.243756,0.5793761666666667,0.5631085,0.44055516666666666,0.43918500000000005,1.7679004999999999,1.7442704999999998,6
B-5,2024,Enve,0.36099299999999995,0.36875800000000003,0.2411835,0.240694,0.2720643333333333,0.2740445,-0.4606828333333333,-0.466384,0.24097833333333332,0.242338,0.605677,0.601654,0.4606828333333333,0.466384,1.6294601666666668,1.7366655,6
B-5,2024,Flor,0.35226999999999997,0.35226999999999997,0.27345149999999996,0.27345149999999996,0.25853499999999996,0.25853499999999996,-0.4441225,-0.4441225,0.26010049999999996,0.26010049999999996,0.5703265,0.5703265,0.4441225,0.4441225,1.909435,1.909435,2
B-6,2016,Enve,0.327983,0.327983,0.242745,0.242745,0.263425,0.263425,-0.439994,-0.439994,0.237947,0.237947,0.561824,0.561824,0.439994,0.439994,1.866871,1.866871,1
B-6,2017,Crec,0.301053,0.301053,0.231523,0.231523,0.234031,0.234031,-0.415009,-0.415009,0.225912,0.225912,0.484876,0.484876,0.415009,0.415009,1.595953,1.595953,1
B-6,2017,Cuaj,0.294207,0.294207,0.232554,0.232554,0.228455,0.228455,-0.405308,-0.405308,0.224406,0.224406,0.477545,0.477545,0.405308,0.405308,1.722978,1.722978,1
B-6,2018,Crec,0.352507,0.352507,0.270524,0.270524,0.27093,0.27093,-0.451127,-0.451127,0.256831,0.256831,0.621372,0.621372,0.451127,0.451127,1.952029,1.952029,1
B-6,2018,Cuaj,0.351824,0.351824,0.2834415,0.2834415,0.266859,0.266859,-0.4470255,-0.4470255,0.267349,0.267349,0.604803,0.604803,0.4470255,0.4470255,2.0304615000000004,2.0304615000000004,2
B-6,2018,Enve,0.373815,0.373815,0.278143,0.278143,0.284852,0.284852,-0.47563,-0.47563,0.26681,0.26681,0.660927,0.660927,0.47563,0.47563,2.056693,2.056693,1
B-6,2018,Reposo,0.433501,0.433501,0.278769,0.278769,0.333643,0.333643,-0.532224,-0.532224,0.281649,0.281649,0.838722,0.838722,0.532224,0.532224,2.745408,2.745408,1
B-6,2019,Crec,0.33220842857142857,0.341144,0.2527337142857143,0.254084,0.2621252857142857,0.26334,-0.4319705714285714,-0.441106,0.24324985714285716,0.247322,0.5656905714285714,0.56575,0.4319705714285714,0.441106,1.7611112857142857,1.741298,7
B-6,2019,Cuaj,0.32143,0.32143,0.250423,0.250423,0.24987700000000002,0.24987700000000002,-0.411682,-0.411682,0.23522549999999998,0.23522549999999998,0.5575535,0.5575535,0.411682,0.411682,2.279846,2.279846,2
B-6,2019,Enve,0.354825,0.349461,0.2573185,0.25340850000000004,0.27102625,0.2654455,-0.45906199999999997,-0.456891,0.253778,0.24967899999999998,0.59073725,0.574508,0.45906199999999997,0.456891,1.8654950000000001,1.85219,4
B-6,2020,Brot,0.367995,0.367995,0.270207,0.270207,0.277078,0.277078,-0.466574,-0.466574,0.266085,0.266085,0.622732,0.622732,0.466574,0.466574,2.051577,2.051577,1
B-6,2020,Crec,0.3423702727272727,0.344149,0.25800209090909093,0.255769,0.27005754545454547,0.272667,-0.4427017272727273,-0.443676,0.25136745454545456,0.254013,0.5933409090909091,0.600721,0.4427017272727273,0.443676,1.87077,1.861422,11
B-6,2020,Cuaj,0.3367043333333333,0.34104,0.26486499999999996,0.26365,0.25726866666666665,0.258932,-0.4383396666666666,-0.445878,0.257356,0.260298,0.568149,0.571216,0.4383396666666666,0.445878,1.9505086666666667,2.0204,3
B-6,2020,Enve,0.35315759999999996,0.358309,0.25189079999999997,0.245804,0.2753002,0.278641,-0.4592258,-0.465796,0.24940120000000002,0.251293,0.5993202,0.611175,0.4592258,0.465796,2.0273464,1.909288,5
B-6,2020,Flor,0.340546,0.340546,0.25178049999999996,0.25178049999999996,0.2525195,0.2525195,-0.43365149999999997,-0.43365149999999997,0.242068,0.242068,0.5633585,0.5633585,0.43365149999999997,0.43365149999999997,2.1089469999999997,2.1089469999999997,2
B-6,2020,Reposo,0.379629,0.379629,0.259295,0.259295,0.285787,0.285787,-0.491999,-0.491999,0.267875,0.267875,0.636692,0.636692,0.491999,0.491999,1.967359,1.967359,1
B-6,2021,Crec,0.3400658461538462,0.343909,0.2581100769230769,0.261129,0.2662383846153846,0.270119,-0.44372476923076926,-0.450063,0.25115384615384617,0.25026,0.5979023846153846,0.602947,0.44372476923076926,0.450063,2.0612041538461536,2.04122,13
B-6,2021,Cuaj,0.34361983333333335,0.34384950000000003,0.274459,0.276797,0.25937933333333335,0.258152,-0.44323633333333334,-0.439589,0.2619085,0.26236950000000003,0.5753671666666667,0.5693535000000001,0.44323633333333334,0.439589,1.9209031666666665,1.872227,6
B-6,2021,Enve,0.38700833333333334,0.377492,0.26867233333333335,0.266302,0.3020656666666666,0.29682,-0.5016786666666667,-0.491778,0.26943466666666666,0.264513,0.7218233333333334,0.704843,0.5016786666666667,0.491778,2.7730036666666664,2.416667,3
B-6,2021,Flor,0.36148,0.36148,0.287922,0.287922,0.265166,0.265166,-0.462657,-0.462657,0.28285,0.28285,0.594033,0.594033,0.462657,0.462657,1.99181,1.99181,1
B-6,2021,Reposo,0.189364,0.189364,0.192009,0.192009,0.139763,0.139763,-0.260668,-0.260668,0.15126,0.15126,0.283133,0.283133,0.260668,0.260668,-0.976937,-0.976937,1
B-6,2022,Brot,0.390063,0.390063,0.277539,0.277539,0.291409,0.291409,-0.501566,-0.501566,0.281423,0.281423,0.675715,0.675715,0.501566,0.501566,2.389992,2.389992,1
B-6,2022,Crec,0.359946125,0.363652,0.285277375,0.28125,0.27912425,0.28287850000000003,-0.44053074999999997,-0.4449745,0.2636155,0.2657195,0.667602875,0.6735485,0.44053074999999997,0.4449745,2.326047125,2.3211275000000002,8
B-6,2022,Cuaj,0.352856,0.352856,0.296836,0.296836,0.262312,0.262312,-0.427367,-0.427367,0.267679,0.267679,0.619708,0.619708,0.427367,0.427367,2.205727,2.205727,1
B-6,2022,Enve,0.39131833333333327,0.38656199999999996,0.28387766666666664,0.2804485,0.2986743333333333,0.2931125,-0.475603,-0.4676165,0.2706836666666667,0.2649785,0.7451011666666667,0.7180605,0.475603,0.4676165,2.5215883333333333,2.524701,6
B-6,2022,Flor,0.349382,0.349382,0.283059,0.283059,0.252984,0.252984,-0.428483,-0.428483,0.265006,0.265006,0.566356,0.566356,0.428483,0.428483,2.000314,2.000314,1
B-6,2022,Reposo,0.414128,0.414128,0.285549,0.285549,0.328937,0.328937,-0.525824,-0.525824,0.285841,0.285841,0.8203,0.8203,0.525824,0.525824,2.08039,2.08039,1
B-6,2023,Crec,0.3672045,0.3666615,0.2747106,0.2819505,0.2726807,0.272111,-0.45599239999999996,-0.4511235,0.2647043,0.26794399999999996,0.6310277,0.632,0.45599239999999996,0.4511235,1.9156273,1.9430265000000002,10
B-6,2023,Cuaj,0.3672438,0.370334,0.2935208,0.291615,0.2684848,0.263409,-0.45055259999999997,-0.452734,0.27583,0.278918,0.6225286,0.6107,0.45055259999999997,0.452734,1.9671232,1.985046,5
B-6,2023,Enve,0.38594083333333334,0.38172649999999997,0.2680981666666667,0.265331,0.28638516666666664,0.2824105,-0.48055733333333334,-0.4726725,0.26557016666666666,0.2608905,0.6672516666666667,0.6565259999999999,0.48055733333333334,0.4726725,1.8904226666666666,1.8930829999999998,6
B-6,2023,Flor,0.3695353333333333,0.36733,0.2987976666666667,0.298803,0.26728466666666667,0.264645,-0.45275366666666667,-0.451233,0.27691133333333334,0.277658,0.6162236666666666,0.606325,0.45275366666666667,0.451233,2.1635306666666665,2.109846,3
B-6,2024,Brot,0.410304,0.410304,0.284239,0.284239,0.303305,0.303305,-0.493289,-0.493289,0.271301,0.271301,0.738497,0.738497,0.493289,0.493289,2.481952,2.481952,1
B-6,2024,Crec,0.362542,0.3576045,0.272128,0.27197150000000003,0.27361183333333333,0.2682635,-0.44666849999999997,-0.44428,0.25905266666666665,0.2567345,0.6256165,0.612493,0.44666849999999997,0.44428,1.7958163333333335,1.815125,6
B-6,2024,Enve,0.37483700000000003,0.38112,0.25732516666666666,0.258367,0.28009433333333333,0.28245600000000004,-0.46236683333333334,-0.4670645,0.2517225,0.2521985,0.6417471666666666,0.6404985000000001,0.46236683333333334,0.4670645,1.8681386666666668,1.835933,6
B-6,2024,Flor,0.370901,0.370901,0.295794,0.295794,0.271978,0.271978,-0.450755,-0.450755,0.2749765,0.2749765,0.6177969999999999,0.6177969999999999,0.450755,0.450755,1.9996070000000001,1.9996070000000001,2
B-7,2016,Enve,0.328354,0.328354,0.238984,0.238984,0.265137,0.265137,-0.440648,-0.440648,0.235634,0.235634,0.570545,0.570545,0.440648,0.440648,1.894861,1.894861,1
B-7,2017,Crec,0.327302,0.327302,0.243053,0.243053,0.257388,0.257388,-0.437974,-0.437974,0.238994,0.238994,0.561505,0.561505,0.437974,0.437974,1.814984,1.814984,1
B-7,2017,Cuaj,0.311269,0.311269,0.238612,0.238612,0.24359,0.24359,-0.421317,-0.421317,0.232091,0.232091,0.526775,0.526775,0.421317,0.421317,1.888656,1.888656,1
B-7,2018,Crec,0.370239,0.370239,0.277908,0.277908,0.281323,0.281323,-0.472283,-0.472283,0.268268,0.268268,0.650976,0.650976,0.472283,0.472283,1.9773,1.9773,1
B-7,2018,Cuaj,0.380057,0.380057,0.29817000000000005,0.29817000000000005,0.2896905,0.2896905,-0.4709025,-0.4709025,0.284182,0.284182,0.6771229999999999,0.6771229999999999,0.4709025,0.4709025,2.1316509999999997,2.1316509999999997,2
B-7,2018,Enve,0.359816,0.359816,0.264793,0.264793,0.273789,0.273789,-0.477995,-0.477995,0.259479,0.259479,0.60978,0.60978,0.477995,0.477995,2.061424,2.061424,1
B-7,2018,Reposo,0.436945,0.436945,0.271314,0.271314,0.343804,0.343804,-0.536847,-0.536847,0.275732,0.275732,0.879604,0.879604,0.536847,0.536847,3.069817,3.069817,1
B-7,2019,Crec,0.34476614285714285,0.354179,0.2524604285714286,0.251929,0.27430757142857143,0.276416,-0.4440378571428571,-0.453695,0.24524085714285718,0.249508,0.6059741428571428,0.61275,0.4440378571428571,0.453695,1.9072052857142856,1.909451,7
B-7,2019,Cuaj,0.338123,0.338123,0.270331,0.270331,0.266174,0.266174,-0.43311849999999996,-0.43311849999999996,0.2546075,0.2546075,0.5967475,0.5967475,0.43311849999999996,0.43311849999999996,2.034394,2.034394,2
B-7,2019,Enve,0.35831625,0.35568750000000005,0.2462275,0.2433835,0.27772875,0.27460249999999997,-0.46620425,-0.4664165,0.24654375,0.2456125,0.6186860000000001,0.601729,0.46620425,0.4664165,1.79312925,1.9387495000000001,4
B-7,2020,Brot,0.365051,0.365051,0.263816,0.263816,0.27731,0.27731,-0.463164,-0.463164,0.25982,0.25982,0.634466,0.634466,0.463164,0.463164,2.135036,2.135036,1
B-7,2020,Crec,0.3363662727272727,0.333137,0.24425872727272727,0.243892,0.26712345454545455,0.267858,-0.44300772727272725,-0.444546,0.2413387272727273,0.240956,0.578150909090909,0.574772,0.44300772727272725,0.444546,1.959001818181818,1.857151,11
B-7,2020,Cuaj,0.338528,0.3409,0.25659966666666667,0.254095,0.2592763333333333,0.257939,-0.44810066666666665,-0.454566,0.253785,0.25541,0.5609073333333333,0.556583,0.44810066666666665,0.454566,1.8431893333333331,1.850914,3
B-7,2020,Enve,0.3402188,0.345983,0.2318896,0.231491,0.267026,0.272043,-0.4541614,-0.463989,0.23320059999999998,0.234536,0.569529,0.582085,0.4541614,0.463989,1.8158542,1.858921,5
B-7,2020,Flor,0.32857749999999997,0.32857749999999997,0.224131,0.224131,0.249976,0.249976,-0.43210649999999995,-0.43210649999999995,0.22148250000000003,0.22148250000000003,0.539172,0.539172,0.43210649999999995,0.43210649999999995,2.032571,2.032571,2
B-7,2020,Reposo,0.388524,0.388524,0.253368,0.253368,0.29629,0.29629,-0.500533,-0.500533,0.262115,0.262115,0.679289,0.679289,0.500533,0.500533,1.996486,1.996486,1
B-7,2021,Crec,0.337493,0.343608,0.24908961538461538,0.252026,0.2652121538461538,0.26891,-0.44507615384615384,-0.451573,0.24467207692307694,0.246665,0.5889493846153846,0.590803,0.44507615384615384,0.451573,2.002622538461538,2.016457,13
B-7,2021,Cuaj,0.3514851666666667,0.352274,0.2777908333333333,0.276283,0.26490433333333335,0.266933,-0.45483499999999993,-0.455406,0.2678275,0.26857450000000005,0.5849098333333334,0.591553,0.45483499999999993,0.455406,1.9266178333333333,1.9275574999999998,6
B-7,2021,Enve,0.3868576666666667,0.379496,0.257795,0.259208,0.30261166666666667,0.298976,-0.5087623333333333,-0.50106,0.26232866666666665,0.258675,0.721873,0.713405,0.5087623333333333,0.50106,4.531566,2.303343,3
B-7,2021,Flor,0.361458,0.361458,0.280955,0.280955,0.26588,0.26588,-0.470362,-0.470362,0.280094,0.280094,0.58265,0.58265,0.470362,0.470362,1.893246,1.893246,1
B-7,2021,Reposo,0.257513,0.257513,0.215484,0.215484,0.179536,0.179536,-0.320268,-0.320268,0.168558,0.168558,0.379842,0.379842,0.320268,0.320268,3.427291,3.427291,1
B-7,2022,Brot,0.39752,0.39752,0.273563,0.273563,0.298177,0.298177,-0.506869,-0.506869,0.279917,0.279917,0.696373,0.696373,0.506869,0.506869,2.307324,2.307324,1
B-7,2022,Crec,0.364335625,0.3667085,0.26635912500000003,0.264442,0.2833535,0.2868855,-0.467563,-0.4728215,0.26022575,0.2620725,0.654022375,0.6684939999999999,0.467563,0.4728215,2.098654,2.1164825,8
B-7,2022,Cuaj,0.356664,0.356664,0.278063,0.278063,0.265923,0.265923,-0.453153,-0.453153,0.265182,0.265182,0.607461,0.607461,0.453153,0.453153,1.932552,1.932552,1
B-7,2022,Enve,0.41141883333333334,0.4054915,0.27049483333333335,0.269286,0.31527299999999997,0.31133900000000003,-0.5280245,-0.5178735,0.27702033333333337,0.27187950000000005,0.7642103333333333,0.7443744999999999,0.5280245,0.5178735,2.3559064999999997,2.1967055,6
B-7,2022,Flor,0.375025,0.375025,0.275958,0.275958,0.271886,0.271886,-0.477639,-0.477639,0.277419,0.277419,0.60169,0.60169,0.477639,0.477639,1.85857,1.85857,1
B-7,2022,Reposo,0.361152,0.361152,0.246515,0.246515,0.282905,0.282905,-0.480257,-0.480257,0.249413,0.249413,0.655254,0.655254,0.480257,0.480257,2.800053,2.800053,1
B-7,2023,Crec,0.3746838,0.3687325,0.2637213,0.2678295,0.2790612,0.27584600000000004,-0.47590190000000004,-0.4668685,0.2622642,0.26270550000000004,0.6386958,0.627661,0.47590190000000004,0.4668685,1.8270336,1.8736125000000001,10
B-7,2023,Cuaj,0.38275420000000004,0.377766,0.2888042,0.283495,0.277318,0.270659,-0.4730206,-0.468772,0.27949959999999996,0.279093,0.6380245999999999,0.616439,0.4730206,0.468772,1.76790725,1.8218355,5
B-7,2023,Enve,0.39878583333333334,0.393108,0.2576771666666667,0.256155,0.2986533333333334,0.295284,-0.5090979999999999,-0.49728649999999996,0.2643735,0.2595065,0.6954368333333334,0.6845,0.5090979999999999,0.49728649999999996,1.7810862,1.776834,6
B-7,2023,Flor,0.3789563333333333,0.380911,0.28684933333333335,0.28652,0.27328066666666667,0.271925,-0.4739676666666666,-0.472977,0.2757596666666667,0.27653,0.6173133333333333,0.61942,0.4739676666666666,0.472977,2.0435906666666663,1.959533,3
B-7,2024,Brot,0.415179,0.415179,0.2668,0.2668,0.308719,0.308719,-0.508366,-0.508366,0.26226,0.26226,0.7396,0.7396,0.508366,0.508366,2.382342,2.382342,1
B-7,2024,Crec,0.3658136666666667,0.36243250000000005,0.2588721666666667,0.259648,0.278568,0.2740325,-0.4618341666666667,-0.460214,0.25413883333333337,0.25310750000000004,0.6309049999999999,0.6102395,0.4618341666666667,0.460214,1.8194426666666665,1.82693,6
B-7,2024,Enve,0.383459,0.39083,0.24667150000000002,0.24569799999999997,0.2901413333333333,0.292311,-0.484149,-0.4888825,0.24860116666666665,0.249547,0.6631311666666667,0.6628495000000001,0.484149,0.4888825,1.9933076666666667,1.9589205,6
B-7,2024,Flor,0.367095,0.367095,0.27659500000000004,0.27659500000000004,0.2728585,0.2728585,-0.45917549999999996,-0.45917549999999996,0.2647615,0.2647615,0.6113065,0.6113065,0.45917549999999996,0.45917549999999996,1.983025,1.983025,2
B-8,2016,Enve,0.340982,0.340982,0.250056,0.250056,0.274876,0.274876,-0.453547,-0.453547,0.246107,0.246107,0.592268,0.592268,0.453547,0.453547,1.89114,1.89114,1
B-8,2017,Crec,0.309294,0.309294,0.234323,0.234323,0.241208,0.241208,-0.426975,-0.426975,0.230794,0.230794,0.490226,0.490226,0.426975,0.426975,1.576609,1.576609,1
B-8,2017,Cuaj,0.296564,0.296564,0.232229,0.232229,0.231921,0.231921,-0.413657,-0.413657,0.225538,0.225538,0.475396,0.475396,0.413657,0.413657,1.718801,1.718801,1
B-8,2018,Crec,0.359963,0.359963,0.271818,0.271818,0.275868,0.275868,-0.463004,-0.463004,0.260247,0.260247,0.627074,0.627074,0.463004,0.463004,1.923518,1.923518,1
B-8,2018,Cuaj,0.352798,0.352798,0.27847449999999996,0.27847449999999996,0.2697675,0.2697675,-0.4541245,-0.4541245,0.265878,0.265878,0.5982845,0.5982845,0.4541245,0.4541245,2.0160815,2.0160815,2
B-8,2018,Enve,0.369603,0.369603,0.268682,0.268682,0.283678,0.283678,-0.481412,-0.481412,0.261237,0.261237,0.641521,0.641521,0.481412,0.481412,2.000708,2.000708,1
B-8,2018,Reposo,0.431194,0.431194,0.272902,0.272902,0.336148,0.336148,-0.535428,-0.535428,0.277943,0.277943,0.826946,0.826946,0.535428,0.535428,2.739264,2.739264,1
B-8,2019,Crec,0.34496614285714283,0.353273,0.25380199999999997,0.253703,0.27539042857142854,0.278267,-0.449313,-0.463242,0.24702385714285713,0.249874,0.5956871428571429,0.593155,0.449313,0.463242,1.8354554285714286,1.840473,7
B-8,2019,Cuaj,0.32939050000000003,0.32939050000000003,0.262818,0.262818,0.25943499999999997,0.25943499999999997,-0.4285935,-0.4285935,0.248257,0.248257,0.565134,0.565134,0.4285935,0.4285935,1.8969805,1.8969805,2
B-8,2019,Enve,0.37525375,0.3656485,0.25971125,0.25426550000000003,0.29164225,0.2866805,-0.48513725,-0.4793955,0.2600525,0.25436800000000004,0.64742075,0.6323435,0.48513725,0.4793955,1.9874095,2.016047,4
B-8,2020,Brot,0.378053,0.378053,0.269316,0.269316,0.287031,0.287031,-0.479057,-0.479057,0.267568,0.267568,0.649046,0.649046,0.479057,0.479057,2.078293,2.078293,1
B-8,2020,Crec,0.36096381818181816,0.360084,0.2577879090909091,0.258278,0.28604036363636365,0.286986,-0.4639380909090909,-0.46903,0.254931,0.259571,0.6311074545454546,0.631735,0.4639380909090909,0.46903,1.8605197272727274,1.844372,11
B-8,2020,Cuaj,0.35163166666666673,0.358137,0.26625133333333334,0.265661,0.2678103333333333,0.270424,-0.45781866666666665,-0.469294,0.26305266666666666,0.26732,0.5893666666666667,0.593793,0.45781866666666665,0.469294,1.8726286666666667,1.873601,3
B-8,2020,Enve,0.3667492,0.373159,0.24856620000000001,0.241313,0.28823,0.290565,-0.48055159999999997,-0.486699,0.25040260000000003,0.251412,0.6243508,0.635803,0.48055159999999997,0.486699,1.8910892000000001,1.88691,5
B-8,2020,Flor,0.342789,0.342789,0.2360985,0.2360985,0.256561,0.256561,-0.4388805,-0.4388805,0.2306715,0.2306715,0.5661754999999999,0.5661754999999999,0.4388805,0.4388805,2.0604005,2.0604005,2
B-8,2020,Reposo,0.355186,0.355186,0.243198,0.243198,0.273243,0.273243,-0.467655,-0.467655,0.248213,0.248213,0.582567,0.582567,0.467655,0.467655,2.126931,2.126931,1
B-8,2021,Crec,0.35054453846153844,0.357071,0.256093,0.256423,0.275663,0.284387,-0.4552003076923077,-0.464613,0.25170584615384617,0.253867,0.6145791538461538,0.628632,0.4552003076923077,0.464613,2.0585646923076926,2.079102,13
B-8,2021,Cuaj,0.3524635,0.3508785,0.27486000000000005,0.27509700000000004,0.26678616666666666,0.264275,-0.45860066666666666,-0.45650349999999995,0.2660626666666666,0.267378,0.5823278333333334,0.5731729999999999,0.45860066666666666,0.45650349999999995,1.924956,1.9097564999999999,6
B-8,2021,Enve,0.40757333333333334,0.402487,0.270015,0.267025,0.3215406666666667,0.321788,-0.5248936666666667,-0.51937,0.27388300000000004,0.271522,0.7790333333333334,0.778628,0.5248936666666667,0.51937,2.5151660000000002,2.405985,3
B-8,2021,Flor,0.363949,0.363949,0.280374,0.280374,0.268529,0.268529,-0.476527,-0.476527,0.279866,0.279866,0.583237,0.583237,0.476527,0.476527,1.87675,1.87675,1
B-8,2021,Reposo,0.127234,0.127234,0.218373,0.218373,0.072473,0.072473,-0.143088,-0.143088,0.106109,0.106109,0.140575,0.140575,0.143088,0.143088,0.830541,0.830541,1
B-8,2022,Brot,0.409611,0.409611,0.283713,0.283713,0.310038,0.310038,-0.514996,-0.514996,0.288471,0.288471,0.738637,0.738637,0.514996,0.514996,2.492629,2.492629,1
B-8,2022,Crec,0.366631,0.3715175,0.282551375,0.2788535,0.287801625,0.29206699999999997,-0.44943825,-0.45688300000000004,0.2635075,0.265749,0.684308375,0.6993285,0.44943825,0.45688300000000004,2.380443375,2.3578465,8
B-8,2022,Cuaj,0.362304,0.362304,0.296721,0.296721,0.272501,0.272501,-0.439508,-0.439508,0.270693,0.270693,0.645334,0.645334,0.439508,0.439508,2.26889,2.26889,1
B-8,2022,Enve,0.4061761666666666,0.3966785,0.29027583333333334,0.2870665,0.3155968333333333,0.306476,-0.49838466666666664,-0.48300200000000004,0.2804515,0.275673,0.7842061666666668,0.749565,0.49838466666666664,0.48300200000000004,2.660193833333333,2.478217,6
B-8,2022,Flor,0.3547,0.3547,0.278076,0.278076,0.260756,0.260756,-0.43651,-0.43651,0.264287,0.264287,0.580042,0.580042,0.43651,0.43651,2.08778,2.08778,1
B-8,2022,Reposo,0.39734,0.39734,0.267785,0.267785,0.321154,0.321154,-0.506907,-0.506907,0.26889,0.26889,0.788663,0.788663,0.506907,0.506907,2.875733,2.875733,1
B-8,2023,Crec,0.3962539,0.3958695,0.2883883,0.293578,0.3005016,0.301539,-0.4845662,-0.4819595,0.2800784,0.28371349999999995,0.7191929,0.7237885,0.4845662,0.4819595,2.1112969,2.122974,10
B-8,2023,Cuaj,0.3954012,0.390732,0.308484,0.302933,0.292412,0.287075,-0.4768172,-0.47185,0.2918868,0.29049,0.6969052,0.676123,0.4768172,0.47185,2.1177984000000003,2.129379,5
B-8,2023,Enve,0.41540933333333335,0.41011450000000005,0.27918166666666666,0.276684,0.31606616666666665,0.3119155,-0.511568,-0.5015965,0.27941916666666666,0.27427650000000003,0.7648706666666666,0.7536005,0.511568,0.5015965,2.1476003333333336,2.1344845,6
B-8,2023,Flor,0.38685966666666666,0.387959,0.3050756666666667,0.307054,0.28462533333333334,0.283485,-0.472046,-0.472806,0.28559466666666666,0.287257,0.6604610000000001,0.660598,0.472046,0.472806,2.271421333333333,2.166772,3
B-8,2024,Brot,0.430781,0.430781,0.288859,0.288859,0.324762,0.324762,-0.513821,-0.513821,0.277136,0.277136,0.808777,0.808777,0.513821,0.513821,2.691933,2.691933,1
B-8,2024,Crec,0.3895848333333333,0.384832,0.28157333333333334,0.280483,0.2973493333333333,0.2916805,-0.47226166666666664,-0.46963,0.27104516666666667,0.269269,0.6948335,0.6772545000000001,0.47226166666666664,0.46963,1.9423051666666666,1.945861,6
B-8,2024,Enve,0.3998705,0.40614,0.2618861666666667,0.262595,0.30479216666666664,0.307921,-0.48825566666666664,-0.4917535,0.2592245,0.259255,0.7132056666666666,0.7140475,0.48825566666666664,0.4917535,2.1015948333333334,2.0360785,6
B-8,2024,Flor,0.392223,0.392223,0.303915,0.303915,0.2955425,0.2955425,-0.47174099999999997,-0.47174099999999997,0.284521,0.284521,0.6871240000000001,0.6871240000000001,0.47174099999999997,0.47174099999999997,2.2235255,2.2235255,2
C-10,2016,Enve,0.334635,0.334635,0.245144,0.245144,0.264748,0.264748,-0.44872,-0.44872,0.241424,0.241424,0.565272,0.565272,0.44872,0.44872,1.802732,1.802732,1
C-10,2017,Crec,0.302717,0.302717,0.227155,0.227155,0.23507,0.23507,-0.424876,-0.424876,0.224775,0.224775,0.478235,0.478235,0.424876,0.424876,1.346867,1.346867,1
C-10,2017,Cuaj,0.293316,0.293316,0.22802,0.22802,0.22681,0.22681,-0.411092,-0.411092,0.222468,0.222468,0.470793,0.470793,0.411092,0.411092,1.486476,1.486476,1
C-10,2018,Crec,0.359208,0.359208,0.274756,0.274756,0.272809,0.272809,-0.460728,-0.460728,0.262556,0.262556,0.623156,0.623156,0.460728,0.460728,1.946359,1.946359,1
C-10,2018,Cuaj,0.349742,0.349742,0.281995,0.281995,0.264533,0.264533,-0.44923250000000003,-0.44923250000000003,0.267645,0.267645,0.5874535,0.5874535,0.44923250000000003,0.44923250000000003,2.0775805,2.0775805,2
C-10,2018,Enve,0.371173,0.371173,0.272914,0.272914,0.280349,0.280349,-0.479184,-0.479184,0.264231,0.264231,0.636295,0.636295,0.479184,0.479184,2.266659,2.266659,1
C-10,2018,Reposo,0.46816,0.46816,0.297009,0.297009,0.358367,0.358367,-0.559052,-0.559052,0.299625,0.299625,0.95081,0.95081,0.559052,0.559052,2.223714,2.223714,1
C-10,2019,Crec,0.3373541428571429,0.341168,0.2530684285714286,0.255512,0.2648567142857143,0.265661,-0.4418195714285714,-0.453425,0.24554814285714285,0.246231,0.5659908571428571,0.558058,0.4418195714285714,0.453425,1.8190579999999998,1.793208,7
C-10,2019,Cuaj,0.32519149999999997,0.32519149999999997,0.26524749999999997,0.26524749999999997,0.2548285,0.2548285,-0.4242035,-0.4242035,0.249394,0.249394,0.554621,0.554621,0.4242035,0.4242035,1.9266685,1.9266685,2
C-10,2019,Enve,0.36649075,0.35743,0.25867175,0.253714,0.27933575,0.27470799999999995,-0.4775245,-0.47004049999999997,0.25846425,0.2518875,0.61043075,0.595237,0.4775245,0.47004049999999997,1.76772975,1.8399,4
C-10,2020,Brot,0.370947,0.370947,0.269213,0.269213,0.280405,0.280405,-0.47341,-0.47341,0.266732,0.266732,0.620865,0.620865,0.47341,0.47341,1.425732,1.425732,1
C-10,2020,Crec,0.34686181818181816,0.345603,0.2542378181818182,0.254466,0.27149945454545454,0.269927,-0.4557406363636364,-0.46058,0.25161636363636364,0.252842,0.5876449090909092,0.5866,0.4557406363636364,0.46058,1.7596087272727272,1.780852,11
C-10,2020,Cuaj,0.3347183333333333,0.340933,0.25515,0.254547,0.25274233333333335,0.257143,-0.4459763333333333,-0.457391,0.25272533333333336,0.256547,0.5404966666666667,0.549236,0.4459763333333333,0.457391,1.8095183333333333,1.826159,3
C-10,2020,Enve,0.35106000000000004,0.357809,0.241568,0.234578,0.272497,0.275062,-0.4668506,-0.47412,0.2431794,0.24441,0.5820058,0.595113,0.4668506,0.47412,1.9915946000000002,1.846455,5
C-10,2020,Flor,0.33473200000000003,0.33473200000000003,0.25960649999999996,0.25960649999999996,0.249068,0.249068,-0.44127,-0.44127,0.2524775,0.2524775,0.53057,0.53057,0.44127,0.44127,1.7852565,1.7852565,2
C-10,2020,Reposo,0.37026,0.37026,0.252026,0.252026,0.278538,0.278538,-0.481751,-0.481751,0.258419,0.258419,0.601181,0.601181,0.481751,0.481751,2.054176,2.054176,1
C-10,2021,Crec,0.34217138461538465,0.344261,0.25048438461538464,0.254874,0.26702253846153845,0.269717,-0.4496224615384615,-0.453924,0.24683984615384616,0.24856,0.595276923076923,0.600467,0.4496224615384615,0.453924,1.9141915,2.015715,13
C-10,2021,Cuaj,0.34885066666666664,0.347426,0.2748078333333333,0.270919,0.25849283333333334,0.2559205,-0.454272,-0.451971,0.265901,0.264591,0.5676345,0.5576785,0.454272,0.451971,1.8191361666666666,1.8290615,6
C-10,2021,Enve,0.38803533333333334,0.384199,0.2593906666666667,0.257834,0.300431,0.300054,-0.507043,-0.502051,0.2631886666666667,0.262531,0.7134453333333334,0.712134,0.507043,0.502051,1.7072705,1.7072705,3
C-10,2021,Flor,0.365891,0.365891,0.284526,0.284526,0.263924,0.263924,-0.475031,-0.475031,0.284369,0.284369,0.581805,0.581805,0.475031,0.475031,1.877379,1.877379,1
C-10,2021,Reposo,0.379714,0.379714,0.26848,0.26848,0.29311,0.29311,-0.488601,-0.488601,0.261976,0.261976,0.672988,0.672988,0.488601,0.488601,2.713004,2.713004,1
C-10,2022,Brot,0.392067,0.392067,0.273363,0.273363,0.288412,0.288412,-0.497978,-0.497978,0.278094,0.278094,0.675316,0.675316,0.497978,0.497978,2.204609,2.204609,1
C-10,2022,Crec,0.352570375,0.357197,0.2659455,0.26363899999999996,0.270444125,0.2733975,-0.444794625,-0.4505755,0.25321825,0.2551955,0.632186625,0.649656,0.444794625,0.4505755,2.1985055,2.254639,8
C-10,2022,Cuaj,0.344545,0.344545,0.279597,0.279597,0.254474,0.254474,-0.433018,-0.433018,0.259962,0.259962,0.586104,0.586104,0.433018,0.433018,2.160326,2.160326,1
C-10,2022,Enve,0.38291416666666667,0.382026,0.2677836666666667,0.270895,0.29123150000000003,0.2881145,-0.4838058333333333,-0.4769265,0.26252183333333334,0.2548265,0.7024326666666667,0.6875315,0.4838058333333333,0.4769265,2.1874302,2.099181,6
C-10,2022,Flor,0.334406,0.334406,0.25903,0.25903,0.240489,0.240489,-0.428612,-0.428612,0.251148,0.251148,0.524132,0.524132,0.428612,0.428612,1.822747,1.822747,1
C-10,2022,Reposo,0.36604,0.36604,0.252411,0.252411,0.286885,0.286885,-0.478471,-0.478471,0.251831,0.251831,0.668585,0.668585,0.478471,0.478471,1.910162,1.910162,1
C-10,2023,Crec,0.3864012,0.385856,0.278458,0.2834045,0.28960379999999997,0.2880125,-0.47988980000000003,-0.4775185,0.2727715,0.2767945,0.6916991,0.6973775,0.47988980000000003,0.4775185,1.9878936,2.064689,10
C-10,2023,Cuaj,0.3850622,0.377724,0.2991368,0.294553,0.2815078,0.273409,-0.4702216,-0.461447,0.2852282,0.28225,0.6712232,0.642049,0.4702216,0.461447,2.25282,2.112568,5
C-10,2023,Enve,0.40520266666666666,0.401636,0.26829733333333333,0.26602950000000003,0.30454866666666663,0.30103349999999995,-0.5077753333333334,-0.5001555,0.2714921666666667,0.26726150000000004,0.7359105,0.7241205,0.5077753333333334,0.5001555,2.165874,2.1400635,6
C-10,2023,Flor,0.37690433333333334,0.37784,0.29474833333333333,0.297564,0.27211233333333334,0.270765,-0.46700366666666665,-0.466526,0.27845533333333333,0.281095,0.6272283333333334,0.622353,0.46700366666666665,0.466526,2.1107513333333334,2.017862,3
C-10,2024,Brot,0.426778,0.426778,0.279799,0.279799,0.318485,0.318485,-0.512495,-0.512495,0.271238,0.271238,0.792153,0.792153,0.512495,0.512495,2.458751,2.458751,1
C-10,2024,Crec,0.3919531666666667,0.38771849999999997,0.27939916666666664,0.277826,0.2957551666666667,0.2893965,-0.47716166666666665,-0.47469249999999996,0.27116816666666665,0.269302,0.7081568333333333,0.6799145,0.47716166666666665,0.47469249999999996,2.0160346666666666,1.9432530000000001,6
C-10,2024,Enve,0.4020055,0.4076995,0.25790966666666665,0.25873199999999996,0.3048653333333333,0.30783150000000004,-0.49389900000000003,-0.49784649999999997,0.2576565,0.2572715,0.7320176666666667,0.7321005,0.49389900000000003,0.49784649999999997,2.1003271666666667,2.055222,6
C-10,2024,Flor,0.3864865,0.3864865,0.295783,0.295783,0.2853295,0.2853295,-0.4694555,-0.4694555,0.279277,0.279277,0.6635445,0.6635445,0.4694555,0.4694555,2.0817544999999997,2.0817544999999997,2
C-11,2016,Enve,0.389482,0.389482,0.279984,0.279984,0.311112,0.311112,-0.487676,-0.487676,0.273139,0.273139,0.739171,0.739171,0.487676,0.487676,2.304695,2.304695,1
C-11,2017,Crec,0.352294,0.352294,0.257878,0.257878,0.275349,0.275349,-0.455623,-0.455623,0.251971,0.251971,0.619134,0.619134,0.455623,0.455623,1.410688,1.410688,1
C-11,2017,Cuaj,0.345991,0.345991,0.262193,0.262193,0.271212,0.271212,-0.447376,-0.447376,0.252928,0.252928,0.617726,0.617726,0.447376,0.447376,2.13754,2.13754,1
C-11,2018,Crec,0.382362,0.382362,0.287669,0.287669,0.291975,0.291975,-0.47368,-0.47368,0.273489,0.273489,0.698789,0.698789,0.47368,0.47368,2.16706,2.16706,1
C-11,2018,Cuaj,0.37970000000000004,0.37970000000000004,0.300725,0.300725,0.28795000000000004,0.28795000000000004,-0.4698065,-0.4698065,0.283993,0.283993,0.6757535,0.6757535,0.4698065,0.4698065,2.0482585,2.0482585,2
C-11,2018,Enve,0.400111,0.400111,0.289734,0.289734,0.303112,0.303112,-0.497042,-0.497042,0.278361,0.278361,0.726814,0.726814,0.497042,0.497042,2.127131,2.127131,1
C-11,2018,Reposo,0.475653,0.475653,0.291022,0.291022,0.369379,0.369379,-0.563318,-0.563318,0.294302,0.294302,0.995212,0.995212,0.563318,0.563318,3.012224,3.012224,1
C-11,2019,Crec,0.3671457142857143,0.374243,0.2657404285714286,0.267435,0.28994385714285714,0.290295,-0.465095,-0.474923,0.2585927142857143,0.26139,0.6605222857142857,0.666058,0.465095,0.474923,1.99902,1.983847,7
C-11,2019,Cuaj,0.37111400000000005,0.37111400000000005,0.28896849999999996,0.28896849999999996,0.289446,0.289446,-0.465432,-0.465432,0.2747615,0.2747615,0.6741055,0.6741055,0.465432,0.465432,2.3429245,2.3429245,2
C-11,2019,Enve,0.3784505,0.376012,0.2561175,0.25547,0.29380675,0.290303,-0.48908975,-0.48889000000000005,0.25729525,0.2563935,0.67584025,0.65837,0.48908975,0.48889000000000005,1.381859,1.560285,4
C-11,2020,Brot,0.372048,0.372048,0.266414,0.266414,0.279396,0.279396,-0.46319,-0.46319,0.2611,0.2611,0.633918,0.633918,0.46319,0.46319,,,1
C-11,2020,Crec,0.352465,0.358542,0.24953536363636364,0.252283,0.27783654545454545,0.277379,-0.45997727272727273,-0.463253,0.2480680909090909,0.250729,0.6182763636363636,0.619514,0.45997727272727273,0.463253,1.9615384545454546,1.814863,11
C-11,2020,Cuaj,0.3449866666666666,0.348834,0.25522566666666663,0.254478,0.259315,0.259197,-0.45719099999999996,-0.462252,0.2541616666666667,0.257711,0.5619253333333334,0.562883,0.45719099999999996,0.462252,1.955285,1.900167,3
C-11,2020,Enve,0.3695376,0.373292,0.24321099999999998,0.240923,0.288252,0.292372,-0.47849240000000004,-0.488771,0.24553320000000003,0.243256,0.6529461999999999,0.658436,0.47849240000000004,0.488771,2.2359283999999997,2.089397,5
C-11,2020,Flor,0.345435,0.345435,0.24706650000000002,0.24706650000000002,0.258177,0.258177,-0.449882,-0.449882,0.2437605,0.2437605,0.561156,0.561156,0.449882,0.449882,1.9169270000000003,1.9169270000000003,2
C-11,2020,Reposo,0.413246,0.413246,0.256681,0.256681,0.318196,0.318196,-0.535316,-0.535316,0.271341,0.271341,0.757608,0.757608,0.535316,0.535316,2.362614,2.362614,1
C-11,2021,Crec,0.36027715384615383,0.360185,0.25596992307692307,0.258612,0.28384915384615383,0.284918,-0.4645154615384615,-0.466404,0.25213407692307693,0.253061,0.6572297692307691,0.655085,0.4645154615384615,0.466404,2.513475818181818,2.122325,13
C-11,2021,Cuaj,0.35903233333333334,0.3599415,0.2777096666666667,0.278067,0.26919733333333334,0.2682995,-0.4622625,-0.460424,0.26799766666666663,0.267941,0.608103,0.606894,0.4622625,0.460424,1.968002,1.9741805000000001,6
C-11,2021,Enve,0.4139296666666667,0.405548,0.2669183333333333,0.268404,0.3237663333333333,0.319004,-0.5303063333333333,-0.520656,0.27074566666666666,0.266912,0.8214756666666667,0.799622,0.5303063333333333,0.520656,2.771604,2.850344,3
C-11,2021,Flor,0.381826,0.381826,0.29438,0.29438,0.276867,0.276867,-0.488736,-0.488736,0.293796,0.293796,0.624067,0.624067,0.488736,0.488736,1.940627,1.940627,1
C-11,2021,Reposo,0.410578,0.410578,0.255548,0.255548,0.319045,0.319045,-0.528416,-0.528416,0.263368,0.263368,0.765711,0.765711,0.528416,0.528416,3.342165,3.342165,1
C-11,2022,Brot,0.432724,0.432724,0.291479,0.291479,0.321049,0.321049,-0.533963,-0.533963,0.297775,0.297775,0.794939,0.794939,0.533963,0.533963,2.292052,2.292052,1
C-11,2022,Crec,0.3750435,0.38307749999999996,0.268619,0.267144,0.28568375,0.292724,-0.472205375,-0.48241900000000004,0.26216875,0.26579949999999997,0.6706635,0.695084,0.472205375,0.48241900000000004,2.0040395,2.199592,8
C-11,2022,Cuaj,0.374164,0.374164,0.288303,0.288303,0.277066,0.277066,-0.466568,-0.466568,0.274044,0.274044,0.651601,0.651601,0.466568,0.466568,2.231248,2.231248,1
C-11,2022,Enve,0.42410416666666667,0.4190205,0.27040899999999995,0.270119,0.31674566666666665,0.312789,-0.5354171666666666,-0.5246474999999999,0.27721633333333334,0.2726135,0.7811819999999999,0.758102,0.5354171666666666,0.5246474999999999,2.263301,2.227787,6
C-11,2022,Flor,0.390664,0.390664,0.281531,0.281531,0.284376,0.284376,-0.491441,-0.491441,0.283456,0.283456,0.646503,0.646503,0.491441,0.491441,2.213267,2.213267,1
C-11,2022,Reposo,0.379817,0.379817,0.260079,0.260079,0.297574,0.297574,-0.480621,-0.480621,0.254968,0.254968,0.714895,0.714895,0.480621,0.480621,2.594926,2.594926,1
C-11,2023,Crec,0.3890835,0.38438150000000004,0.2675327,0.2729865,0.2879616,0.285042,-0.4877868,-0.4791415,0.26590220000000003,0.2670895,0.6699352000000001,0.6631795,0.4877868,0.4791415,1.8454414,1.8634065,10
C-11,2023,Cuaj,0.3983888,0.383661,0.2959958,0.299629,0.2858248,0.276869,-0.482665,-0.471339,0.2849906,0.276685,0.6684058,0.64334,0.482665,0.471339,1.957403,1.903762,5
C-11,2023,Enve,0.4157326666666667,0.4093565,0.26139666666666667,0.258494,0.3097533333333333,0.3054165,-0.522374,-0.5105735,0.2683845,0.263102,0.7384404999999999,0.728064,0.522374,0.5105735,2.034687,2.1149,6
C-11,2023,Flor,0.411562,0.411182,0.305989,0.307275,0.29327,0.288987,-0.49715666666666664,-0.494764,0.292776,0.295178,0.686284,0.67542,0.49715666666666664,0.494764,2.0416433333333335,2.046006,3
C-11,2024,Brot,0.434492,0.434492,0.272638,0.272638,0.324004,0.324004,-0.523617,-0.523617,0.267701,0.267701,0.803468,0.803468,0.523617,0.523617,2.379713,2.379713,1
C-11,2024,Crec,0.39142883333333334,0.38765950000000005,0.268956,0.2682145,0.29795366666666667,0.29211699999999996,-0.4820678333333333,-0.4798535,0.2645415,0.264,0.7078129999999999,0.678925,0.4820678333333333,0.4798535,2.169052166666667,2.086519,6
C-11,2024,Enve,0.40576666666666666,0.4148045,0.2500023333333333,0.249022,0.3100645,0.31372900000000004,-0.5029896666666667,-0.5087360000000001,0.2528708333333333,0.25407599999999997,0.7408579999999999,0.7435005,0.5029896666666667,0.5087360000000001,2.1775828333333336,2.1177409999999997,6
C-11,2024,Flor,0.3872015,0.3872015,0.286701,0.286701,0.2858845,0.2858845,-0.4735735,-0.4735735,0.2746065,0.2746065,0.661184,0.661184,0.4735735,0.4735735,2.2935615,2.2935615,2
C-9,2016,Enve,0.352432,0.352432,0.254664,0.254664,0.286236,0.286236,-0.460807,-0.460807,0.250762,0.250762,0.645265,0.645265,0.460807,0.460807,2.141124,2.141124,1
C-9,2017,Crec,0.337002,0.337002,0.247912,0.247912,0.266563,0.266563,-0.447926,-0.447926,0.244419,0.244419,0.588805,0.588805,0.447926,0.447926,1.953224,1.953224,1
C-9,2017,Cuaj,0.324244,0.324244,0.247328,0.247328,0.253614,0.253614,-0.432031,-0.432031,0.240507,0.240507,0.55653,0.55653,0.432031,0.432031,1.896097,1.896097,1
C-9,2018,Crec,0.365675,0.365675,0.27622,0.27622,0.277056,0.277056,-0.464266,-0.464266,0.265113,0.265113,0.635853,0.635853,0.464266,0.464266,1.912697,1.912697,1
C-9,2018,Cuaj,0.37095049999999996,0.37095049999999996,0.29408999999999996,0.29408999999999996,0.2854565,0.2854565,-0.465698,-0.465698,0.27998900000000004,0.27998900000000004,0.659808,0.659808,0.465698,0.465698,2.1744595,2.1744595,2
C-9,2018,Enve,0.365053,0.365053,0.266655,0.266655,0.277512,0.277512,-0.478549,-0.478549,0.260286,0.260286,0.626308,0.626308,0.478549,0.478549,0.038075,0.038075,1
C-9,2018,Reposo,0.444025,0.444025,0.275313,0.275313,0.347386,0.347386,-0.542571,-0.542571,0.279266,0.279266,0.893553,0.893553,0.542571,0.542571,2.805901,2.805901,1
C-9,2019,Crec,0.3482244285714286,0.354727,0.25515114285714285,0.256376,0.27718057142857144,0.278738,-0.4506211428571429,-0.458954,0.24882514285714286,0.252158,0.6142391428571428,0.613701,0.4506211428571429,0.458954,1.9362415714285715,1.929544,7
C-9,2019,Cuaj,0.35029299999999997,0.35029299999999997,0.27711,0.27711,0.277028,0.277028,-0.4474865,-0.4474865,0.2633515,0.2633515,0.6302095,0.6302095,0.4474865,0.4474865,2.08906,2.08906,2
C-9,2019,Enve,0.3633595,0.3609095,0.24945925,0.247016,0.28170375000000003,0.278912,-0.4748665,-0.475475,0.25095125,0.2502,0.63116975,0.613254,0.4748665,0.475475,2.11437325,1.9337445,4
C-9,2020,Brot,0.376391,0.376391,0.270485,0.270485,0.283979,0.283979,-0.475969,-0.475969,0.268281,0.268281,0.655408,0.655408,0.475969,0.475969,1.940237,1.940237,1
C-9,2020,Crec,0.32499836363636364,0.326022,0.23581345454545455,0.236531,0.2590093636363636,0.260616,-0.4414522727272727,-0.44017,0.23545663636363637,0.23597,0.5456034545454546,0.554825,0.4414522727272727,0.44017,1.7269195454545454,1.726154,11
C-9,2020,Cuaj,0.326428,0.329407,0.24634133333333333,0.24367,0.2512933333333333,0.251913,-0.4455976666666667,-0.453234,0.24624566666666667,0.247824,0.5276573333333333,0.530371,0.4455976666666667,0.453234,1.775792,1.785983,3
C-9,2020,Enve,0.33299880000000004,0.339008,0.2281462,0.228298,0.2614058,0.26493,-0.45217260000000004,-0.461996,0.23052060000000002,0.230735,0.5489346,0.557294,0.45217260000000004,0.461996,1.7902624,1.735313,5
C-9,2020,Flor,0.3269375,0.3269375,0.2453845,0.2453845,0.24200850000000002,0.24200850000000002,-0.4384205,-0.4384205,0.24130600000000002,0.24130600000000002,0.5049385,0.5049385,0.4384205,0.4384205,1.8697095,1.8697095,2
C-9,2020,Reposo,0.399248,0.399248,0.257235,0.257235,0.306703,0.306703,-0.515494,-0.515494,0.269255,0.269255,0.703938,0.703938,0.515494,0.515494,1.990652,1.990652,1
C-9,2021,Crec,0.33714,0.343029,0.24614053846153847,0.250881,0.2651666923076923,0.26919,-0.44735630769230766,-0.453819,0.24321423076923077,0.246231,0.5867926923076923,0.58951,0.44735630769230766,0.453819,1.7610456153846152,1.974646,13
C-9,2021,Cuaj,0.3473581666666667,0.345468,0.275042,0.269558,0.26080949999999997,0.25924899999999995,-0.45582900000000004,-0.4541815,0.2666625,0.26163349999999996,0.5699255,0.5629284999999999,0.45582900000000004,0.4541815,1.8989176666666667,1.914956,6
C-9,2021,Enve,0.3904636666666666,0.382855,0.2566326666666667,0.258601,0.3021916666666667,0.297511,-0.513561,-0.50547,0.2622913333333334,0.258765,0.7227166666666666,0.703654,0.513561,0.50547,1.82786,1.909262,3
C-9,2021,Flor,0.361769,0.361769,0.280855,0.280855,0.265687,0.265687,-0.475065,-0.475065,0.281308,0.281308,0.580313,0.580313,0.475065,0.475065,1.907549,1.907549,1
C-9,2021,Reposo,0.377531,0.377531,0.249907,0.249907,0.29572,0.29572,-0.501674,-0.501674,0.25687,0.25687,0.672184,0.672184,0.501674,0.501674,1.971982,1.971982,1
C-9,2022,Brot,0.408535,0.408535,0.280649,0.280649,0.302298,0.302298,-0.516306,-0.516306,0.287238,0.287238,0.71766,0.71766,0.516306,0.516306,1.793956,1.793956,1
C-9,2022,Crec,0.3662475,0.370299,0.26511225,0.2639195,0.283576875,0.28805400000000003,-0.47148825,-0.4775815,0.260125375,0.26258349999999997,0.655586375,0.6732075,0.47148825,0.4775815,1.4112304999999998,1.9814184999999997,8
C-9,2022,Cuaj,0.357263,0.357263,0.277553,0.277553,0.2668,0.2668,-0.457331,-0.457331,0.265733,0.265733,0.606767,0.606767,0.457331,0.457331,2.173019,2.173019,1
C-9,2022,Enve,0.41001533333333334,0.3982825,0.26628816666666666,0.268758,0.31196833333333335,0.301411,-0.5279256666666666,-0.5079145,0.273107,0.2669245,0.7569328333333334,0.7226005,0.5279256666666666,0.5079145,2.1962888333333335,2.123452,6
C-9,2022,Flor,0.368434,0.368434,0.268729,0.268729,0.266405,0.266405,-0.477723,-0.477723,0.272468,0.272468,0.577843,0.577843,0.477723,0.477723,1.862752,1.862752,1
C-9,2022,Reposo,0.392668,0.392668,0.274972,0.274972,0.309101,0.309101,-0.490145,-0.490145,0.264745,0.264745,0.747639,0.747639,0.490145,0.490145,2.579934,2.579934,1
C-9,2023,Crec,0.3732391,0.367346,0.2576486,0.262556,0.2775452,0.2727255,-0.4770719,-0.46595549999999997,0.2578479,0.2582,0.6315803,0.6177285,0.4770719,0.46595549999999997,1.9530010999999998,2.0414785,10
C-9,2023,Cuaj,0.3714678,0.365569,0.2681402,0.26798,0.2683598,0.265224,-0.4654782,-0.458814,0.2622028,0.260272,0.6042996,0.587172,0.4654782,0.458814,1.9603802,2.000225,5
C-9,2023,Enve,0.40230950000000004,0.395135,0.25415366666666667,0.2520115,0.302212,0.297504,-0.5141936666666667,-0.5020065,0.2621273333333333,0.25626099999999996,0.7081756666666666,0.6959355,0.5141936666666667,0.5020065,2.088857,2.065,6
C-9,2023,Flor,0.3835826666666666,0.384964,0.2858056666666667,0.286852,0.27520066666666665,0.272926,-0.480419,-0.479028,0.276378,0.278217,0.6206776666666667,0.620341,0.480419,0.479028,1.997774,1.929568,3
C-9,2024,Brot,0.420654,0.420654,0.265083,0.265083,0.315068,0.315068,-0.516119,-0.516119,0.261454,0.261454,0.767054,0.767054,0.516119,0.516119,2.209309,2.209309,1
C-9,2024,Crec,0.3829031666666667,0.3798545,0.2670531666666667,0.2658125,0.29336216666666665,0.288219,-0.47523983333333336,-0.472777,0.2624085,0.261672,0.6889419999999999,0.66197,0.47523983333333336,0.472777,1.8807715,1.8584395,6
C-9,2024,Enve,0.39993433333333334,0.40859900000000005,0.25107283333333336,0.2509325,0.30619916666666663,0.308909,-0.4984525,-0.503454,0.25372183333333337,0.255159,0.7270438333333332,0.7292855,0.4984525,0.503454,2.2140385,2.1828079999999996,6
C-9,2024,Flor,0.374085,0.374085,0.2787485,0.2787485,0.280136,0.280136,-0.4654445,-0.4654445,0.26743799999999995,0.26743799999999995,0.6352805,0.6352805,0.4654445,0.4654445,2.105453,2.105453,2
